date,rain,rain_1d,rain_3d,rain_7d,rain_15d
2018-06-15,0.0196319874,0.0196319874,0.0588959622,0.1374239118,0.294479811
2018-06-16,0.0196319874,0.0196319874,0.0588959622,0.1374239118,0.294479811
2018-06-17,0.0196319874,0.0196319874,0.0588959622,0.1374239118,0.294479811
2018-06-18,0.0196319874,0.0196319874,0.0588959622,0.1374239118,0.294479811
2018-06-19,0.0196319874,0.0196319874,0.0588959622,0.1374239118,0.294479811
2018-06-20,0.0196319874,0.0196319874,0.0588959622,0.1374239118,0.294479811
2018-06-21,0.0196319874,0.0196319874,0.0588959622,0.1374239118,0.294479811
2018-06-22,0.0196319874,0.0196319874,0.0588959622,0.1374239118,0.294479811
2018-06-23,0.0196319874,0.0196319874,0.0588959622,0.1374239118,0.294479811
2018-06-24,0.0196319874,0.0196319874,0.0588959622,0.1374239118,0.294479811
2018-06-25,0.0196319874,0.0196319874,0.0588959622,0.1374239118,0.294479811
2018-06-26,0.0196319874,0.0196319874,0.0588959622,0.1374239118,0.294479811
2018-06-27,0.0196319874,0.0196319874,0.0588959622,0.1374239118,0.294479811
2018-06-28,0.0196319874,0.0196319874,0.0588959622,0.1374239118,0.294479811
2018-06-29,0.0196319874,0.0196319874,0.0588959622,0.1374239118,0.294479811
2018-06-30,0.0196319874,0.0196319874,0.0588959622,0.1374239118,0.294479811
2018-07-01,0.0517512374,0.0517512374,0.0910152122,0.16954316179999998,0.32659906099999997
2018-07-02,0.0517512374,0.0517512374,0.12313446219999999,0.2016624118,0.35871831099999996
2018-07-03,0.0517512374,0.0517512374,0.1552537122,0.23378166179999998,0.390837561
2018-07-04,0.0517512374,0.0517512374,0.1552537122,0.2659009118,0.422956811
2018-07-05,0.0517512374,0.0517512374,0.1552537122,0.2980201618,0.455076061
2018-07-06,0.0517512374,0.0517512374,0.1552537122,0.3301394118,0.48719531099999996
2018-07-07,0.0517512374,0.0517512374,0.1552537122,0.3622586618,0.519314561
2018-07-08,0.0517512374,0.0517512374,0.1552537122,0.3622586618,0.551433811
2018-07-09,0.0517512374,0.0517512374,0.1552537122,0.3622586618,0.5835530609999999
2018-07-10,0.0517512374,0.0517512374,0.1552537122,0.3622586618,0.615672311
2018-07-11,0.0517512374,0.0517512374,0.1552537122,0.3622586618,0.6477915609999999
2018-07-12,0.0517512374,0.0517512374,0.1552537122,0.3622586618,0.679910811
2018-07-13,0.0517512374,0.0517512374,0.1552537122,0.3622586618,0.712030061
2018-07-14,0.0517512374,0.0517512374,0.1552537122,0.3622586618,0.744149311
2018-07-15,0.0517512374,0.0517512374,0.1552537122,0.3622586618,0.776268561
2018-07-16,0.0517512374,0.0517512374,0.1552537122,0.3622586618,0.776268561
2018-07-17,0.0517512374,0.0517512374,0.1552537122,0.3622586618,0.776268561
2018-07-18,0.0517512374,0.0517512374,0.1552537122,0.3622586618,0.776268561
2018-07-19,0.0517512374,0.0517512374,0.1552537122,0.3622586618,0.776268561
2018-07-20,0.0517512374,0.0517512374,0.1552537122,0.3622586618,0.776268561
2018-07-21,0.0517512374,0.0517512374,0.1552537122,0.3622586618,0.776268561
2018-07-22,0.0517512374,0.0517512374,0.1552537122,0.3622586618,0.776268561
2018-07-23,0.0517512374,0.0517512374,0.1552537122,0.3622586618,0.776268561
2018-07-24,0.0517512374,0.0517512374,0.1552537122,0.3622586618,0.776268561
2018-07-25,0.0517512374,0.0517512374,0.1552537122,0.3622586618,0.776268561
2018-07-26,0.0517512374,0.0517512374,0.1552537122,0.3622586618,0.776268561
2018-07-27,0.0517512374,0.0517512374,0.1552537122,0.3622586618,0.776268561
2018-07-28,0.0517512374,0.0517512374,0.1552537122,0.3622586618,0.776268561
2018-07-29,0.0517512374,0.0517512374,0.1552537122,0.3622586618,0.776268561
2018-07-30,0.0517512374,0.0517512374,0.1552537122,0.3622586618,0.776268561
2018-07-31,0.0517512374,0.0517512374,0.1552537122,0.3622586618,0.776268561
2018-08-01,0.0469381325,0.0469381325,0.15044060729999997,0.35744555689999996,0.7714554561
2018-08-02,0.0469381325,0.0469381325,0.1456275024,0.352632452,0.7666423512
2018-08-03,0.0469381325,0.0469381325,0.1408143975,0.3478193471,0.7618292463
2018-08-04,0.0469381325,0.0469381325,0.1408143975,0.34300624220000003,0.7570161414000001
2018-08-05,0.0469381325,0.0469381325,0.1408143975,0.3381931373,0.7522030364999999
2018-08-06,0.0469381325,0.0469381325,0.1408143975,0.33338003239999997,0.7473899315999999
2018-08-07,0.0469381325,0.0469381325,0.1408143975,0.3285669275,0.7425768266999999
2018-08-08,0.0469381325,0.0469381325,0.1408143975,0.3285669275,0.7377637217999999
2018-08-09,0.0469381325,0.0469381325,0.1408143975,0.3285669275,0.7329506169
2018-08-10,0.0469381325,0.0469381325,0.1408143975,0.3285669275,0.728137512
2018-08-11,0.0469381325,0.0469381325,0.1408143975,0.3285669275,0.7233244071
2018-08-12,0.0469381325,0.0469381325,0.1408143975,0.3285669275,0.7185113022
2018-08-13,0.0469381325,0.0469381325,0.1408143975,0.3285669275,0.7136981973
2018-08-14,0.0469381325,0.0469381325,0.1408143975,0.3285669275,0.7088850924
2018-08-15,0.0469381325,0.0469381325,0.1408143975,0.3285669275,0.7040719875
2018-08-16,0.0469381325,0.0469381325,0.1408143975,0.3285669275,0.7040719875
2018-08-17,0.0469381325,0.0469381325,0.1408143975,0.3285669275,0.7040719875
2018-08-18,0.0469381325,0.0469381325,0.1408143975,0.3285669275,0.7040719875
2018-08-19,0.0469381325,0.0469381325,0.1408143975,0.3285669275,0.7040719875
2018-08-20,0.0469381325,0.0469381325,0.1408143975,0.3285669275,0.7040719875
2018-08-21,0.0469381325,0.0469381325,0.1408143975,0.3285669275,0.7040719875
2018-08-22,0.0469381325,0.0469381325,0.1408143975,0.3285669275,0.7040719875
2018-08-23,0.0469381325,0.0469381325,0.1408143975,0.3285669275,0.7040719875
2018-08-24,0.0469381325,0.0469381325,0.1408143975,0.3285669275,0.7040719875
2018-08-25,0.0469381325,0.0469381325,0.1408143975,0.3285669275,0.7040719875
2018-08-26,0.0469381325,0.0469381325,0.1408143975,0.3285669275,0.7040719875
2018-08-27,0.0469381325,0.0469381325,0.1408143975,0.3285669275,0.7040719875
2018-08-28,0.0469381325,0.0469381325,0.1408143975,0.3285669275,0.7040719875
2018-08-29,0.0469381325,0.0469381325,0.1408143975,0.3285669275,0.7040719875
2018-08-30,0.0469381325,0.0469381325,0.1408143975,0.3285669275,0.7040719875
2018-08-31,0.0469381325,0.0469381325,0.1408143975,0.3285669275,0.7040719875
2018-09-01,0.0398360714,0.0398360714,0.1337123364,0.3214648664,0.6969699264
2018-09-02,0.0398360714,0.0398360714,0.1266102753,0.3143628053,0.6898678653
2018-09-03,0.0398360714,0.0398360714,0.11950821419999999,0.3072607442,0.6827658042
2018-09-04,0.0398360714,0.0398360714,0.11950821419999999,0.3001586831,0.6756637431
2018-09-05,0.0398360714,0.0398360714,0.11950821419999999,0.29305662200000004,0.6685616820000001
2018-09-06,0.0398360714,0.0398360714,0.11950821419999999,0.2859545609,0.6614596209000001
2018-09-07,0.0398360714,0.0398360714,0.11950821419999999,0.2788524998,0.6543575598
2018-09-08,0.0398360714,0.0398360714,0.11950821419999999,0.2788524998,0.6472554987
2018-09-09,0.0398360714,0.0398360714,0.11950821419999999,0.2788524998,0.6401534376
2018-09-10,0.0398360714,0.0398360714,0.11950821419999999,0.2788524998,0.6330513765
2018-09-11,0.0398360714,0.0398360714,0.11950821419999999,0.2788524998,0.6259493154
2018-09-12,0.0398360714,0.0398360714,0.11950821419999999,0.2788524998,0.6188472543
2018-09-13,0.0398360714,0.0398360714,0.11950821419999999,0.2788524998,0.6117451932
2018-09-14,0.0398360714,0.0398360714,0.11950821419999999,0.2788524998,0.6046431321
2018-09-15,0.0398360714,0.0398360714,0.11950821419999999,0.2788524998,0.597541071
2018-09-16,0.0398360714,0.0398360714,0.11950821419999999,0.2788524998,0.597541071
2018-09-17,0.0398360714,0.0398360714,0.11950821419999999,0.2788524998,0.597541071
2018-09-18,0.0398360714,0.0398360714,0.11950821419999999,0.2788524998,0.597541071
2018-09-19,0.0398360714,0.0398360714,0.11950821419999999,0.2788524998,0.597541071
2018-09-20,0.0398360714,0.0398360714,0.11950821419999999,0.2788524998,0.597541071
2018-09-21,0.0398360714,0.0398360714,0.11950821419999999,0.2788524998,0.597541071
2018-09-22,0.0398360714,0.0398360714,0.11950821419999999,0.2788524998,0.597541071
2018-09-23,0.0398360714,0.0398360714,0.11950821419999999,0.2788524998,0.597541071
2018-09-24,0.0398360714,0.0398360714,0.11950821419999999,0.2788524998,0.597541071
2018-09-25,0.0398360714,0.0398360714,0.11950821419999999,0.2788524998,0.597541071
2018-09-26,0.0398360714,0.0398360714,0.11950821419999999,0.2788524998,0.597541071
2018-09-27,0.0398360714,0.0398360714,0.11950821419999999,0.2788524998,0.597541071
2018-09-28,0.0398360714,0.0398360714,0.11950821419999999,0.2788524998,0.597541071
2018-09-29,0.0398360714,0.0398360714,0.11950821419999999,0.2788524998,0.597541071
2018-09-30,0.0398360714,0.0398360714,0.11950821419999999,0.2788524998,0.597541071
2018-10-01,0.0227930509,0.0227930509,0.1024651937,0.2618094793,0.5804980504999999
2018-10-02,0.0227930509,0.0227930509,0.0854221732,0.2447664588,0.56345503
2018-10-03,0.0227930509,0.0227930509,0.0683791527,0.2277234383,0.5464120095
2018-10-04,0.0227930509,0.0227930509,0.0683791527,0.2106804178,0.529368989
2018-10-05,0.0227930509,0.0227930509,0.0683791527,0.1936373973,0.5123259685
2018-10-06,0.0227930509,0.0227930509,0.0683791527,0.1765943768,0.495282948
2018-10-07,0.0227930509,0.0227930509,0.0683791527,0.1595513563,0.4782399275
2018-10-08,0.0227930509,0.0227930509,0.0683791527,0.1595513563,0.461196907
2018-10-09,0.0227930509,0.0227930509,0.0683791527,0.1595513563,0.4441538865
2018-10-10,0.0227930509,0.0227930509,0.0683791527,0.1595513563,0.427110866
2018-10-11,0.0227930509,0.0227930509,0.0683791527,0.1595513563,0.41006784550000003
2018-10-12,0.0227930509,0.0227930509,0.0683791527,0.1595513563,0.393024825
2018-10-13,0.0227930509,0.0227930509,0.0683791527,0.1595513563,0.3759818045
2018-10-14,0.0227930509,0.0227930509,0.0683791527,0.1595513563,0.358938784
2018-10-15,0.0227930509,0.0227930509,0.0683791527,0.1595513563,0.3418957635
2018-10-16,0.0227930509,0.0227930509,0.0683791527,0.1595513563,0.3418957635
2018-10-17,0.0227930509,0.0227930509,0.0683791527,0.1595513563,0.3418957635
2018-10-18,0.0227930509,0.0227930509,0.0683791527,0.1595513563,0.3418957635
2018-10-19,0.0227930509,0.0227930509,0.0683791527,0.1595513563,0.3418957635
2018-10-20,0.0227930509,0.0227930509,0.0683791527,0.1595513563,0.3418957635
2018-10-21,0.0227930509,0.0227930509,0.0683791527,0.1595513563,0.3418957635
2018-10-22,0.0227930509,0.0227930509,0.0683791527,0.1595513563,0.3418957635
2018-10-23,0.0227930509,0.0227930509,0.0683791527,0.1595513563,0.3418957635
2018-10-24,0.0227930509,0.0227930509,0.0683791527,0.1595513563,0.3418957635
2018-10-25,0.0227930509,0.0227930509,0.0683791527,0.1595513563,0.3418957635
2018-10-26,0.0227930509,0.0227930509,0.0683791527,0.1595513563,0.3418957635
2018-10-27,0.0227930509,0.0227930509,0.0683791527,0.1595513563,0.3418957635
2018-10-28,0.0227930509,0.0227930509,0.0683791527,0.1595513563,0.3418957635
2018-10-29,0.0227930509,0.0227930509,0.0683791527,0.1595513563,0.3418957635
2018-10-30,0.0227930509,0.0227930509,0.0683791527,0.1595513563,0.3418957635
2018-10-31,0.0227930509,0.0227930509,0.0683791527,0.1595513563,0.3418957635
2018-11-01,0.0117590427,0.0117590427,0.0573451445,0.1485173481,0.3308617553
2018-11-02,0.0117590427,0.0117590427,0.0463111363,0.1374833399,0.3198277471
2018-11-03,0.0117590427,0.0117590427,0.0352771281,0.1264493317,0.3087937389
2018-11-04,0.0117590427,0.0117590427,0.0352771281,0.1154153235,0.2977597307
2018-11-05,0.0117590427,0.0117590427,0.0352771281,0.1043813153,0.2867257225
2018-11-06,0.0117590427,0.0117590427,0.0352771281,0.0933473071,0.2756917143
2018-11-07,0.0117590427,0.0117590427,0.0352771281,0.0823132989,0.2646577061
2018-11-08,0.0117590427,0.0117590427,0.0352771281,0.0823132989,0.2536236979
2018-11-09,0.0117590427,0.0117590427,0.0352771281,0.0823132989,0.2425896897
2018-11-10,0.0117590427,0.0117590427,0.0352771281,0.0823132989,0.2315556815
2018-11-11,0.0117590427,0.0117590427,0.0352771281,0.0823132989,0.2205216733
2018-11-12,0.0117590427,0.0117590427,0.0352771281,0.0823132989,0.2094876651
2018-11-13,0.0117590427,0.0117590427,0.0352771281,0.0823132989,0.1984536569
2018-11-14,0.0117590427,0.0117590427,0.0352771281,0.0823132989,0.1874196487
2018-11-15,0.0117590427,0.0117590427,0.0352771281,0.0823132989,0.1763856405
2018-11-16,0.0117590427,0.0117590427,0.0352771281,0.0823132989,0.1763856405
2018-11-17,0.0117590427,0.0117590427,0.0352771281,0.0823132989,0.1763856405
2018-11-18,0.0117590427,0.0117590427,0.0352771281,0.0823132989,0.1763856405
2018-11-19,0.0117590427,0.0117590427,0.0352771281,0.0823132989,0.1763856405
2018-11-20,0.0117590427,0.0117590427,0.0352771281,0.0823132989,0.1763856405
2018-11-21,0.0117590427,0.0117590427,0.0352771281,0.0823132989,0.1763856405
2018-11-22,0.0117590427,0.0117590427,0.0352771281,0.0823132989,0.1763856405
2018-11-23,0.0117590427,0.0117590427,0.0352771281,0.0823132989,0.1763856405
2018-11-24,0.0117590427,0.0117590427,0.0352771281,0.0823132989,0.1763856405
2018-11-25,0.0117590427,0.0117590427,0.0352771281,0.0823132989,0.1763856405
2018-11-26,0.0117590427,0.0117590427,0.0352771281,0.0823132989,0.1763856405
2018-11-27,0.0117590427,0.0117590427,0.0352771281,0.0823132989,0.1763856405
2018-11-28,0.0117590427,0.0117590427,0.0352771281,0.0823132989,0.1763856405
2018-11-29,0.0117590427,0.0117590427,0.0352771281,0.0823132989,0.1763856405
2018-11-30,0.0117590427,0.0117590427,0.0352771281,0.0823132989,0.1763856405
2018-12-01,0.0136476178,0.0136476178,0.0371657032,0.084201874,0.1782742156
2018-12-02,0.0136476178,0.0136476178,0.039054278299999995,0.0860904491,0.1801627907
2018-12-03,0.0136476178,0.0136476178,0.0409428534,0.08797902419999999,0.1820513658
2018-12-04,0.0136476178,0.0136476178,0.0409428534,0.08986759929999999,0.1839399409
2018-12-05,0.0136476178,0.0136476178,0.0409428534,0.0917561744,0.185828516
2018-12-06,0.0136476178,0.0136476178,0.0409428534,0.0936447495,0.18771709109999998
2018-12-07,0.0136476178,0.0136476178,0.0409428534,0.0955333246,0.1896056662
2018-12-08,0.0136476178,0.0136476178,0.0409428534,0.0955333246,0.19149424129999998
2018-12-09,0.0136476178,0.0136476178,0.0409428534,0.0955333246,0.1933828164
2018-12-10,0.0136476178,0.0136476178,0.0409428534,0.0955333246,0.1952713915
2018-12-11,0.0136476178,0.0136476178,0.0409428534,0.0955333246,0.1971599666
2018-12-12,0.0136476178,0.0136476178,0.0409428534,0.0955333246,0.1990485417
2018-12-13,0.0136476178,0.0136476178,0.0409428534,0.0955333246,0.20093711679999998
2018-12-14,0.0136476178,0.0136476178,0.0409428534,0.0955333246,0.2028256919
2018-12-15,0.0136476178,0.0136476178,0.0409428534,0.0955333246,0.20471426699999998
2018-12-16,0.0136476178,0.0136476178,0.0409428534,0.0955333246,0.20471426699999998
2018-12-17,0.0136476178,0.0136476178,0.0409428534,0.0955333246,0.20471426699999998
2018-12-18,0.0136476178,0.0136476178,0.0409428534,0.0955333246,0.20471426699999998
2018-12-19,0.0136476178,0.0136476178,0.0409428534,0.0955333246,0.20471426699999998
2018-12-20,0.0136476178,0.0136476178,0.0409428534,0.0955333246,0.20471426699999998
2018-12-21,0.0136476178,0.0136476178,0.0409428534,0.0955333246,0.20471426699999998
2018-12-22,0.0136476178,0.0136476178,0.0409428534,0.0955333246,0.20471426699999998
2018-12-23,0.0136476178,0.0136476178,0.0409428534,0.0955333246,0.20471426699999998
2018-12-24,0.0136476178,0.0136476178,0.0409428534,0.0955333246,0.20471426699999998
2018-12-25,0.0136476178,0.0136476178,0.0409428534,0.0955333246,0.20471426699999998
2018-12-26,0.0136476178,0.0136476178,0.0409428534,0.0955333246,0.20471426699999998
2018-12-27,0.0136476178,0.0136476178,0.0409428534,0.0955333246,0.20471426699999998
2018-12-28,0.0136476178,0.0136476178,0.0409428534,0.0955333246,0.20471426699999998
2018-12-29,0.0136476178,0.0136476178,0.0409428534,0.0955333246,0.20471426699999998
2018-12-30,0.0136476178,0.0136476178,0.0409428534,0.0955333246,0.20471426699999998
2018-12-31,0.0136476178,0.0136476178,0.0409428534,0.0955333246,0.20471426699999998
2019-01-01,0.00698158704,0.00698158704,0.03427682264,0.08886729384,0.19804823623999998
2019-01-02,0.00698158704,0.00698158704,0.02761079188,0.08220126308,0.19138220547999998
2019-01-03,0.00698158704,0.00698158704,0.02094476112,0.07553523232,0.18471617472
2019-01-04,0.00698158704,0.00698158704,0.02094476112,0.06886920156,0.17805014396
2019-01-05,0.00698158704,0.00698158704,0.02094476112,0.0622031708,0.1713841132
2019-01-06,0.00698158704,0.00698158704,0.02094476112,0.05553714004,0.16471808244
2019-01-07,0.00698158704,0.00698158704,0.02094476112,0.04887110928,0.15805205168
2019-01-08,0.00698158704,0.00698158704,0.02094476112,0.04887110928,0.15138602092
2019-01-09,0.00698158704,0.00698158704,0.02094476112,0.04887110928,0.14471999016
2019-01-10,0.00698158704,0.00698158704,0.02094476112,0.04887110928,0.13805395939999998
2019-01-11,0.00698158704,0.00698158704,0.02094476112,0.04887110928,0.13138792864
2019-01-12,0.00698158704,0.00698158704,0.02094476112,0.04887110928,0.12472189787999999
2019-01-13,0.00698158704,0.00698158704,0.02094476112,0.04887110928,0.11805586711999999
2019-01-14,0.00698158704,0.00698158704,0.02094476112,0.04887110928,0.11138983636
2019-01-15,0.00698158704,0.00698158704,0.02094476112,0.04887110928,0.1047238056
2019-01-16,0.00698158704,0.00698158704,0.02094476112,0.04887110928,0.1047238056
2019-01-17,0.00698158704,0.00698158704,0.02094476112,0.04887110928,0.1047238056
2019-01-18,0.00698158704,0.00698158704,0.02094476112,0.04887110928,0.1047238056
2019-01-19,0.00698158704,0.00698158704,0.02094476112,0.04887110928,0.1047238056
2019-01-20,0.00698158704,0.00698158704,0.02094476112,0.04887110928,0.1047238056
2019-01-21,0.00698158704,0.00698158704,0.02094476112,0.04887110928,0.1047238056
2019-01-22,0.00698158704,0.00698158704,0.02094476112,0.04887110928,0.1047238056
2019-01-23,0.00698158704,0.00698158704,0.02094476112,0.04887110928,0.1047238056
2019-01-24,0.00698158704,0.00698158704,0.02094476112,0.04887110928,0.1047238056
2019-01-25,0.00698158704,0.00698158704,0.02094476112,0.04887110928,0.1047238056
2019-01-26,0.00698158704,0.00698158704,0.02094476112,0.04887110928,0.1047238056
2019-01-27,0.00698158704,0.00698158704,0.02094476112,0.04887110928,0.1047238056
2019-01-28,0.00698158704,0.00698158704,0.02094476112,0.04887110928,0.1047238056
2019-01-29,0.00698158704,0.00698158704,0.02094476112,0.04887110928,0.1047238056
2019-01-30,0.00698158704,0.00698158704,0.02094476112,0.04887110928,0.1047238056
2019-01-31,0.00698158704,0.00698158704,0.02094476112,0.04887110928,0.1047238056
2019-02-01,0.010960931,0.010960931,0.024924105079999998,0.05285045324,0.10870314955999999
2019-02-02,0.010960931,0.010960931,0.02890344904,0.0568297972,0.11268249352
2019-02-03,0.010960931,0.010960931,0.032882793,0.06080914116,0.11666183748
2019-02-04,0.010960931,0.010960931,0.032882793,0.06478848512,0.12064118144
2019-02-05,0.010960931,0.010960931,0.032882793,0.06876782908000001,0.12462052539999999
2019-02-06,0.010960931,0.010960931,0.032882793,0.07274717304,0.12859986936
2019-02-07,0.010960931,0.010960931,0.032882793,0.076726517,0.13257921332
2019-02-08,0.010960931,0.010960931,0.032882793,0.076726517,0.13655855728
2019-02-09,0.010960931,0.010960931,0.032882793,0.076726517,0.14053790124
2019-02-10,0.010960931,0.010960931,0.032882793,0.076726517,0.14451724519999998
2019-02-11,0.010960931,0.010960931,0.032882793,0.076726517,0.14849658916
2019-02-12,0.010960931,0.010960931,0.032882793,0.076726517,0.15247593312
2019-02-13,0.010960931,0.010960931,0.032882793,0.076726517,0.15645527708
2019-02-14,0.010960931,0.010960931,0.032882793,0.076726517,0.16043462104
2019-02-15,0.010960931,0.010960931,0.032882793,0.076726517,0.164413965
2019-02-16,0.010960931,0.010960931,0.032882793,0.076726517,0.164413965
2019-02-17,0.010960931,0.010960931,0.032882793,0.076726517,0.164413965
2019-02-18,0.010960931,0.010960931,0.032882793,0.076726517,0.164413965
2019-02-19,0.010960931,0.010960931,0.032882793,0.076726517,0.164413965
2019-02-20,0.010960931,0.010960931,0.032882793,0.076726517,0.164413965
2019-02-21,0.010960931,0.010960931,0.032882793,0.076726517,0.164413965
2019-02-22,0.010960931,0.010960931,0.032882793,0.076726517,0.164413965
2019-02-23,0.010960931,0.010960931,0.032882793,0.076726517,0.164413965
2019-02-24,0.010960931,0.010960931,0.032882793,0.076726517,0.164413965
2019-02-25,0.010960931,0.010960931,0.032882793,0.076726517,0.164413965
2019-02-26,0.010960931,0.010960931,0.032882793,0.076726517,0.164413965
2019-02-27,0.010960931,0.010960931,0.032882793,0.076726517,0.164413965
2019-02-28,0.010960931,0.010960931,0.032882793,0.076726517,0.164413965
2019-03-01,0.0132324006,0.0132324006,0.0351542626,0.0789979866,0.1666854346
2019-03-02,0.0132324006,0.0132324006,0.0374257322,0.0812694562,0.1689569042
2019-03-03,0.0132324006,0.0132324006,0.0396972018,0.0835409258,0.1712283738
2019-03-04,0.0132324006,0.0132324006,0.0396972018,0.08581239539999999,0.1734998434
2019-03-05,0.0132324006,0.0132324006,0.0396972018,0.088083865,0.175771313
2019-03-06,0.0132324006,0.0132324006,0.0396972018,0.0903553346,0.1780427826
2019-03-07,0.0132324006,0.0132324006,0.0396972018,0.0926268042,0.1803142522
2019-03-08,0.0132324006,0.0132324006,0.0396972018,0.0926268042,0.1825857218
2019-03-09,0.0132324006,0.0132324006,0.0396972018,0.0926268042,0.18485719139999998
2019-03-10,0.0132324006,0.0132324006,0.0396972018,0.0926268042,0.187128661
2019-03-11,0.0132324006,0.0132324006,0.0396972018,0.0926268042,0.1894001306
2019-03-12,0.0132324006,0.0132324006,0.0396972018,0.0926268042,0.1916716002
2019-03-13,0.0132324006,0.0132324006,0.0396972018,0.0926268042,0.1939430698
2019-03-14,0.0132324006,0.0132324006,0.0396972018,0.0926268042,0.1962145394
2019-03-15,0.0132324006,0.0132324006,0.0396972018,0.0926268042,0.198486009
2019-03-16,0.0132324006,0.0132324006,0.0396972018,0.0926268042,0.198486009
2019-03-17,0.0132324006,0.0132324006,0.0396972018,0.0926268042,0.198486009
2019-03-18,0.0132324006,0.0132324006,0.0396972018,0.0926268042,0.198486009
2019-03-19,0.0132324006,0.0132324006,0.0396972018,0.0926268042,0.198486009
2019-03-20,0.0132324006,0.0132324006,0.0396972018,0.0926268042,0.198486009
2019-03-21,0.0132324006,0.0132324006,0.0396972018,0.0926268042,0.198486009
2019-03-22,0.0132324006,0.0132324006,0.0396972018,0.0926268042,0.198486009
2019-03-23,0.0132324006,0.0132324006,0.0396972018,0.0926268042,0.198486009
2019-03-24,0.0132324006,0.0132324006,0.0396972018,0.0926268042,0.198486009
2019-03-25,0.0132324006,0.0132324006,0.0396972018,0.0926268042,0.198486009
2019-03-26,0.0132324006,0.0132324006,0.0396972018,0.0926268042,0.198486009
2019-03-27,0.0132324006,0.0132324006,0.0396972018,0.0926268042,0.198486009
2019-03-28,0.0132324006,0.0132324006,0.0396972018,0.0926268042,0.198486009
2019-03-29,0.0132324006,0.0132324006,0.0396972018,0.0926268042,0.198486009
2019-03-30,0.0132324006,0.0132324006,0.0396972018,0.0926268042,0.198486009
2019-03-31,0.0132324006,0.0132324006,0.0396972018,0.0926268042,0.198486009
2019-04-01,0.0199475773,0.0199475773,0.046412378500000004,0.0993419809,0.20520118569999998
2019-04-02,0.0199475773,0.0199475773,0.0531275552,0.10605715760000001,0.2119163624
2019-04-03,0.0199475773,0.0199475773,0.0598427319,0.1127723343,0.2186315391
2019-04-04,0.0199475773,0.0199475773,0.0598427319,0.119487511,0.22534671579999999
2019-04-05,0.0199475773,0.0199475773,0.0598427319,0.1262026877,0.2320618925
2019-04-06,0.0199475773,0.0199475773,0.0598427319,0.1329178644,0.2387770692
2019-04-07,0.0199475773,0.0199475773,0.0598427319,0.13963304110000002,0.24549224590000002
2019-04-08,0.0199475773,0.0199475773,0.0598427319,0.13963304110000002,0.2522074226
2019-04-09,0.0199475773,0.0199475773,0.0598427319,0.13963304110000002,0.2589225993
2019-04-10,0.0199475773,0.0199475773,0.0598427319,0.13963304110000002,0.265637776
2019-04-11,0.0199475773,0.0199475773,0.0598427319,0.13963304110000002,0.2723529527
2019-04-12,0.0199475773,0.0199475773,0.0598427319,0.13963304110000002,0.27906812940000003
2019-04-13,0.0199475773,0.0199475773,0.0598427319,0.13963304110000002,0.2857833061
2019-04-14,0.0199475773,0.0199475773,0.0598427319,0.13963304110000002,0.2924984828
2019-04-15,0.0199475773,0.0199475773,0.0598427319,0.13963304110000002,0.2992136595
2019-04-16,0.0199475773,0.0199475773,0.0598427319,0.13963304110000002,0.2992136595
2019-04-17,0.0199475773,0.0199475773,0.0598427319,0.13963304110000002,0.2992136595
2019-04-18,0.0199475773,0.0199475773,0.0598427319,0.13963304110000002,0.2992136595
2019-04-19,0.0199475773,0.0199475773,0.0598427319,0.13963304110000002,0.2992136595
2019-04-20,0.0199475773,0.0199475773,0.0598427319,0.13963304110000002,0.2992136595
2019-04-21,0.0199475773,0.0199475773,0.0598427319,0.13963304110000002,0.2992136595
2019-04-22,0.0199475773,0.0199475773,0.0598427319,0.13963304110000002,0.2992136595
2019-04-23,0.0199475773,0.0199475773,0.0598427319,0.13963304110000002,0.2992136595
2019-04-24,0.0199475773,0.0199475773,0.0598427319,0.13963304110000002,0.2992136595
2019-04-25,0.0199475773,0.0199475773,0.0598427319,0.13963304110000002,0.2992136595
2019-04-26,0.0199475773,0.0199475773,0.0598427319,0.13963304110000002,0.2992136595
2019-04-27,0.0199475773,0.0199475773,0.0598427319,0.13963304110000002,0.2992136595
2019-04-28,0.0199475773,0.0199475773,0.0598427319,0.13963304110000002,0.2992136595
2019-04-29,0.0199475773,0.0199475773,0.0598427319,0.13963304110000002,0.2992136595
2019-04-30,0.0199475773,0.0199475773,0.0598427319,0.13963304110000002,0.2992136595
2019-05-01,0.0306613985,0.0306613985,0.0705565531,0.1503468623,0.30992748070000004
2019-05-02,0.0306613985,0.0306613985,0.0812703743,0.16106068350000002,0.3206413019
2019-05-03,0.0306613985,0.0306613985,0.0919841955,0.1717745047,0.33135512310000004
2019-05-04,0.0306613985,0.0306613985,0.0919841955,0.1824883259,0.3420689443
2019-05-05,0.0306613985,0.0306613985,0.0919841955,0.1932021471,0.35278276550000004
2019-05-06,0.0306613985,0.0306613985,0.0919841955,0.2039159683,0.3634965867
2019-05-07,0.0306613985,0.0306613985,0.0919841955,0.2146297895,0.3742104079
2019-05-08,0.0306613985,0.0306613985,0.0919841955,0.2146297895,0.3849242291
2019-05-09,0.0306613985,0.0306613985,0.0919841955,0.2146297895,0.3956380503
2019-05-10,0.0306613985,0.0306613985,0.0919841955,0.2146297895,0.40635187149999996
2019-05-11,0.0306613985,0.0306613985,0.0919841955,0.2146297895,0.41706569270000005
2019-05-12,0.0306613985,0.0306613985,0.0919841955,0.2146297895,0.4277795139
2019-05-13,0.0306613985,0.0306613985,0.0919841955,0.2146297895,0.4384933351
2019-05-14,0.0306613985,0.0306613985,0.0919841955,0.2146297895,0.4492071563
2019-05-15,0.0306613985,0.0306613985,0.0919841955,0.2146297895,0.4599209775
2019-05-16,0.0306613985,0.0306613985,0.0919841955,0.2146297895,0.4599209775
2019-05-17,0.0306613985,0.0306613985,0.0919841955,0.2146297895,0.4599209775
2019-05-18,0.0306613985,0.0306613985,0.0919841955,0.2146297895,0.4599209775
2019-05-19,0.0306613985,0.0306613985,0.0919841955,0.2146297895,0.4599209775
2019-05-20,0.0306613985,0.0306613985,0.0919841955,0.2146297895,0.4599209775
2019-05-21,0.0306613985,0.0306613985,0.0919841955,0.2146297895,0.4599209775
2019-05-22,0.0306613985,0.0306613985,0.0919841955,0.2146297895,0.4599209775
2019-05-23,0.0306613985,0.0306613985,0.0919841955,0.2146297895,0.4599209775
2019-05-24,0.0306613985,0.0306613985,0.0919841955,0.2146297895,0.4599209775
2019-05-25,0.0306613985,0.0306613985,0.0919841955,0.2146297895,0.4599209775
2019-05-26,0.0306613985,0.0306613985,0.0919841955,0.2146297895,0.4599209775
2019-05-27,0.0306613985,0.0306613985,0.0919841955,0.2146297895,0.4599209775
2019-05-28,0.0306613985,0.0306613985,0.0919841955,0.2146297895,0.4599209775
2019-05-29,0.0306613985,0.0306613985,0.0919841955,0.2146297895,0.4599209775
2019-05-30,0.0306613985,0.0306613985,0.0919841955,0.2146297895,0.4599209775
2019-05-31,0.0306613985,0.0306613985,0.0919841955,0.2146297895,0.4599209775
2019-06-01,0.0248891413,0.0248891413,0.0862119383,0.2088575323,0.4541487203
2019-06-02,0.0248891413,0.0248891413,0.0804396811,0.2030852751,0.4483764631
2019-06-03,0.0248891413,0.0248891413,0.0746674239,0.1973130179,0.44260420589999994
2019-06-04,0.0248891413,0.0248891413,0.0746674239,0.1915407607,0.4368319487
2019-06-05,0.0248891413,0.0248891413,0.0746674239,0.1857685035,0.4310596915
2019-06-06,0.0248891413,0.0248891413,0.0746674239,0.1799962463,0.4252874343
2019-06-07,0.0248891413,0.0248891413,0.0746674239,0.1742239891,0.41951517709999997
2019-06-08,0.0248891413,0.0248891413,0.0746674239,0.1742239891,0.4137429199
2019-06-09,0.0248891413,0.0248891413,0.0746674239,0.1742239891,0.40797066270000004
2019-06-10,0.0248891413,0.0248891413,0.0746674239,0.1742239891,0.4021984055
2019-06-11,0.0248891413,0.0248891413,0.0746674239,0.1742239891,0.3964261483
2019-06-12,0.0248891413,0.0248891413,0.0746674239,0.1742239891,0.3906538911
2019-06-13,0.0248891413,0.0248891413,0.0746674239,0.1742239891,0.38488163389999996
2019-06-14,0.0248891413,0.0248891413,0.0746674239,0.1742239891,0.3791093767
2019-06-15,0.0248891413,0.0248891413,0.0746674239,0.1742239891,0.37333711950000004
2019-06-16,0.0248891413,0.0248891413,0.0746674239,0.1742239891,0.37333711950000004
2019-06-17,0.0248891413,0.0248891413,0.0746674239,0.1742239891,0.37333711950000004
2019-06-18,0.0248891413,0.0248891413,0.0746674239,0.1742239891,0.37333711950000004
2019-06-19,0.0248891413,0.0248891413,0.0746674239,0.1742239891,0.37333711950000004
2019-06-20,0.0248891413,0.0248891413,0.0746674239,0.1742239891,0.37333711950000004
2019-06-21,0.0248891413,0.0248891413,0.0746674239,0.1742239891,0.37333711950000004
2019-06-22,0.0248891413,0.0248891413,0.0746674239,0.1742239891,0.37333711950000004
2019-06-23,0.0248891413,0.0248891413,0.0746674239,0.1742239891,0.37333711950000004
2019-06-24,0.0248891413,0.0248891413,0.0746674239,0.1742239891,0.37333711950000004
2019-06-25,0.0248891413,0.0248891413,0.0746674239,0.1742239891,0.37333711950000004
2019-06-26,0.0248891413,0.0248891413,0.0746674239,0.1742239891,0.37333711950000004
2019-06-27,0.0248891413,0.0248891413,0.0746674239,0.1742239891,0.37333711950000004
2019-06-28,0.0248891413,0.0248891413,0.0746674239,0.1742239891,0.37333711950000004
2019-06-29,0.0248891413,0.0248891413,0.0746674239,0.1742239891,0.37333711950000004
2019-06-30,0.0248891413,0.0248891413,0.0746674239,0.1742239891,0.37333711950000004
2019-07-01,0.0445106737,0.0445106737,0.0942889563,0.1938455215,0.3929586519
2019-07-02,0.0445106737,0.0445106737,0.1139104887,0.2134670539,0.41258018430000004
2019-07-03,0.0445106737,0.0445106737,0.1335320211,0.2330885863,0.4322017167
2019-07-04,0.0445106737,0.0445106737,0.1335320211,0.25271011870000004,0.4518232491
2019-07-05,0.0445106737,0.0445106737,0.1335320211,0.2723316511,0.4714447815
2019-07-06,0.0445106737,0.0445106737,0.1335320211,0.2919531835,0.49106631390000005
2019-07-07,0.0445106737,0.0445106737,0.1335320211,0.3115747159,0.5106878463
2019-07-08,0.0445106737,0.0445106737,0.1335320211,0.3115747159,0.5303093787000001
2019-07-09,0.0445106737,0.0445106737,0.1335320211,0.3115747159,0.5499309111000001
2019-07-10,0.0445106737,0.0445106737,0.1335320211,0.3115747159,0.5695524435
2019-07-11,0.0445106737,0.0445106737,0.1335320211,0.3115747159,0.5891739759000001
2019-07-12,0.0445106737,0.0445106737,0.1335320211,0.3115747159,0.6087955083000001
2019-07-13,0.0445106737,0.0445106737,0.1335320211,0.3115747159,0.6284170407
2019-07-14,0.0445106737,0.0445106737,0.1335320211,0.3115747159,0.6480385731
2019-07-15,0.0445106737,0.0445106737,0.1335320211,0.3115747159,0.6676601055
2019-07-16,0.0445106737,0.0445106737,0.1335320211,0.3115747159,0.6676601055
2019-07-17,0.0445106737,0.0445106737,0.1335320211,0.3115747159,0.6676601055
2019-07-18,0.0445106737,0.0445106737,0.1335320211,0.3115747159,0.6676601055
2019-07-19,0.0445106737,0.0445106737,0.1335320211,0.3115747159,0.6676601055
2019-07-20,0.0445106737,0.0445106737,0.1335320211,0.3115747159,0.6676601055
2019-07-21,0.0445106737,0.0445106737,0.1335320211,0.3115747159,0.6676601055
2019-07-22,0.0445106737,0.0445106737,0.1335320211,0.3115747159,0.6676601055
2019-07-23,0.0445106737,0.0445106737,0.1335320211,0.3115747159,0.6676601055
2019-07-24,0.0445106737,0.0445106737,0.1335320211,0.3115747159,0.6676601055
2019-07-25,0.0445106737,0.0445106737,0.1335320211,0.3115747159,0.6676601055
2019-07-26,0.0445106737,0.0445106737,0.1335320211,0.3115747159,0.6676601055
2019-07-27,0.0445106737,0.0445106737,0.1335320211,0.3115747159,0.6676601055
2019-07-28,0.0445106737,0.0445106737,0.1335320211,0.3115747159,0.6676601055
2019-07-29,0.0445106737,0.0445106737,0.1335320211,0.3115747159,0.6676601055
2019-07-30,0.0445106737,0.0445106737,0.1335320211,0.3115747159,0.6676601055
2019-07-31,0.0445106737,0.0445106737,0.1335320211,0.3115747159,0.6676601055
2019-08-01,0.0543361045,0.0543361045,0.14335745190000002,0.3214001467,0.6774855363
2019-08-02,0.0543361045,0.0543361045,0.15318288270000002,0.3312255775,0.6873109671000001
2019-08-03,0.0543361045,0.0543361045,0.1630083135,0.3410510083,0.6971363979000001
2019-08-04,0.0543361045,0.0543361045,0.1630083135,0.35087643910000005,0.7069618287
2019-08-05,0.0543361045,0.0543361045,0.1630083135,0.3607018699,0.7167872595000001
2019-08-06,0.0543361045,0.0543361045,0.1630083135,0.37052730070000006,0.7266126903000001
2019-08-07,0.0543361045,0.0543361045,0.1630083135,0.38035273150000004,0.7364381211
2019-08-08,0.0543361045,0.0543361045,0.1630083135,0.38035273150000004,0.7462635519
2019-08-09,0.0543361045,0.0543361045,0.1630083135,0.38035273150000004,0.7560889827
2019-08-10,0.0543361045,0.0543361045,0.1630083135,0.38035273150000004,0.7659144135
2019-08-11,0.0543361045,0.0543361045,0.1630083135,0.38035273150000004,0.7757398443
2019-08-12,0.0543361045,0.0543361045,0.1630083135,0.38035273150000004,0.7855652751000001
2019-08-13,0.0543361045,0.0543361045,0.1630083135,0.38035273150000004,0.7953907059
2019-08-14,0.0543361045,0.0543361045,0.1630083135,0.38035273150000004,0.8052161367
2019-08-15,0.0543361045,0.0543361045,0.1630083135,0.38035273150000004,0.8150415675
2019-08-16,0.0543361045,0.0543361045,0.1630083135,0.38035273150000004,0.8150415675
2019-08-17,0.0543361045,0.0543361045,0.1630083135,0.38035273150000004,0.8150415675
2019-08-18,0.0543361045,0.0543361045,0.1630083135,0.38035273150000004,0.8150415675
2019-08-19,0.0543361045,0.0543361045,0.1630083135,0.38035273150000004,0.8150415675
2019-08-20,0.0543361045,0.0543361045,0.1630083135,0.38035273150000004,0.8150415675
2019-08-21,0.0543361045,0.0543361045,0.1630083135,0.38035273150000004,0.8150415675
2019-08-22,0.0543361045,0.0543361045,0.1630083135,0.38035273150000004,0.8150415675
2019-08-23,0.0543361045,0.0543361045,0.1630083135,0.38035273150000004,0.8150415675
2019-08-24,0.0543361045,0.0543361045,0.1630083135,0.38035273150000004,0.8150415675
2019-08-25,0.0543361045,0.0543361045,0.1630083135,0.38035273150000004,0.8150415675
2019-08-26,0.0543361045,0.0543361045,0.1630083135,0.38035273150000004,0.8150415675
2019-08-27,0.0543361045,0.0543361045,0.1630083135,0.38035273150000004,0.8150415675
2019-08-28,0.0543361045,0.0543361045,0.1630083135,0.38035273150000004,0.8150415675
2019-08-29,0.0543361045,0.0543361045,0.1630083135,0.38035273150000004,0.8150415675
2019-08-30,0.0543361045,0.0543361045,0.1630083135,0.38035273150000004,0.8150415675
2019-08-31,0.0543361045,0.0543361045,0.1630083135,0.38035273150000004,0.8150415675
2019-09-01,0.0448486172,0.0448486172,0.15352082620000002,0.3708652442,0.8055540802000001
2019-09-02,0.0448486172,0.0448486172,0.1440333389,0.3613777569,0.7960665929
2019-09-03,0.0448486172,0.0448486172,0.13454585160000002,0.3518902696,0.7865791056
2019-09-04,0.0448486172,0.0448486172,0.13454585160000002,0.34240278230000004,0.7770916183000001
2019-09-05,0.0448486172,0.0448486172,0.13454585160000002,0.33291529500000006,0.767604131
2019-09-06,0.0448486172,0.0448486172,0.13454585160000002,0.3234278077,0.7581166437
2019-09-07,0.0448486172,0.0448486172,0.13454585160000002,0.31394032040000003,0.7486291564
2019-09-08,0.0448486172,0.0448486172,0.13454585160000002,0.31394032040000003,0.7391416691
2019-09-09,0.0448486172,0.0448486172,0.13454585160000002,0.31394032040000003,0.7296541818
2019-09-10,0.0448486172,0.0448486172,0.13454585160000002,0.31394032040000003,0.7201666945
2019-09-11,0.0448486172,0.0448486172,0.13454585160000002,0.31394032040000003,0.7106792072000001
2019-09-12,0.0448486172,0.0448486172,0.13454585160000002,0.31394032040000003,0.7011917199000001
2019-09-13,0.0448486172,0.0448486172,0.13454585160000002,0.31394032040000003,0.6917042326000001
2019-09-14,0.0448486172,0.0448486172,0.13454585160000002,0.31394032040000003,0.6822167453000001
2019-09-15,0.0448486172,0.0448486172,0.13454585160000002,0.31394032040000003,0.672729258
2019-09-16,0.0448486172,0.0448486172,0.13454585160000002,0.31394032040000003,0.672729258
2019-09-17,0.0448486172,0.0448486172,0.13454585160000002,0.31394032040000003,0.672729258
2019-09-18,0.0448486172,0.0448486172,0.13454585160000002,0.31394032040000003,0.672729258
2019-09-19,0.0448486172,0.0448486172,0.13454585160000002,0.31394032040000003,0.672729258
2019-09-20,0.0448486172,0.0448486172,0.13454585160000002,0.31394032040000003,0.672729258
2019-09-21,0.0448486172,0.0448486172,0.13454585160000002,0.31394032040000003,0.672729258
2019-09-22,0.0448486172,0.0448486172,0.13454585160000002,0.31394032040000003,0.672729258
2019-09-23,0.0448486172,0.0448486172,0.13454585160000002,0.31394032040000003,0.672729258
2019-09-24,0.0448486172,0.0448486172,0.13454585160000002,0.31394032040000003,0.672729258
2019-09-25,0.0448486172,0.0448486172,0.13454585160000002,0.31394032040000003,0.672729258
2019-09-26,0.0448486172,0.0448486172,0.13454585160000002,0.31394032040000003,0.672729258
2019-09-27,0.0448486172,0.0448486172,0.13454585160000002,0.31394032040000003,0.672729258
2019-09-28,0.0448486172,0.0448486172,0.13454585160000002,0.31394032040000003,0.672729258
2019-09-29,0.0448486172,0.0448486172,0.13454585160000002,0.31394032040000003,0.672729258
2019-09-30,0.0448486172,0.0448486172,0.13454585160000002,0.31394032040000003,0.672729258
2019-10-01,0.0101507679,0.0101507679,0.09984800230000002,0.2792424711,0.6380314087
2019-10-02,0.0101507679,0.0101507679,0.065150153,0.24454462180000003,0.6033335594
2019-10-03,0.0101507679,0.0101507679,0.0304523037,0.2098467725,0.5686357101
2019-10-04,0.0101507679,0.0101507679,0.0304523037,0.1751489232,0.5339378608
2019-10-05,0.0101507679,0.0101507679,0.0304523037,0.1404510739,0.4992400115
2019-10-06,0.0101507679,0.0101507679,0.0304523037,0.1057532246,0.46454216220000005
2019-10-07,0.0101507679,0.0101507679,0.0304523037,0.0710553753,0.4298443129
2019-10-08,0.0101507679,0.0101507679,0.0304523037,0.0710553753,0.39514646360000005
2019-10-09,0.0101507679,0.0101507679,0.0304523037,0.0710553753,0.36044861429999997
2019-10-10,0.0101507679,0.0101507679,0.0304523037,0.0710553753,0.325750765
2019-10-11,0.0101507679,0.0101507679,0.0304523037,0.0710553753,0.2910529157
2019-10-12,0.0101507679,0.0101507679,0.0304523037,0.0710553753,0.2563550664
2019-10-13,0.0101507679,0.0101507679,0.0304523037,0.0710553753,0.2216572171
2019-10-14,0.0101507679,0.0101507679,0.0304523037,0.0710553753,0.1869593678
2019-10-15,0.0101507679,0.0101507679,0.0304523037,0.0710553753,0.1522615185
2019-10-16,0.0101507679,0.0101507679,0.0304523037,0.0710553753,0.1522615185
2019-10-17,0.0101507679,0.0101507679,0.0304523037,0.0710553753,0.1522615185
2019-10-18,0.0101507679,0.0101507679,0.0304523037,0.0710553753,0.1522615185
2019-10-19,0.0101507679,0.0101507679,0.0304523037,0.0710553753,0.1522615185
2019-10-20,0.0101507679,0.0101507679,0.0304523037,0.0710553753,0.1522615185
2019-10-21,0.0101507679,0.0101507679,0.0304523037,0.0710553753,0.1522615185
2019-10-22,0.0101507679,0.0101507679,0.0304523037,0.0710553753,0.1522615185
2019-10-23,0.0101507679,0.0101507679,0.0304523037,0.0710553753,0.1522615185
2019-10-24,0.0101507679,0.0101507679,0.0304523037,0.0710553753,0.1522615185
2019-10-25,0.0101507679,0.0101507679,0.0304523037,0.0710553753,0.1522615185
2019-10-26,0.0101507679,0.0101507679,0.0304523037,0.0710553753,0.1522615185
2019-10-27,0.0101507679,0.0101507679,0.0304523037,0.0710553753,0.1522615185
2019-10-28,0.0101507679,0.0101507679,0.0304523037,0.0710553753,0.1522615185
2019-10-29,0.0101507679,0.0101507679,0.0304523037,0.0710553753,0.1522615185
2019-10-30,0.0101507679,0.0101507679,0.0304523037,0.0710553753,0.1522615185
2019-10-31,0.0101507679,0.0101507679,0.0304523037,0.0710553753,0.1522615185
2019-11-01,0.0115460763,0.0115460763,0.0318476121,0.0724506837,0.1536568269
2019-11-02,0.0115460763,0.0115460763,0.033242920499999995,0.0738459921,0.1550521353
2019-11-03,0.0115460763,0.0115460763,0.0346382289,0.0752413005,0.1564474437
2019-11-04,0.0115460763,0.0115460763,0.0346382289,0.0766366089,0.1578427521
2019-11-05,0.0115460763,0.0115460763,0.0346382289,0.07803191729999999,0.1592380605
2019-11-06,0.0115460763,0.0115460763,0.0346382289,0.07942722569999999,0.1606333689
2019-11-07,0.0115460763,0.0115460763,0.0346382289,0.0808225341,0.16202867729999998
2019-11-08,0.0115460763,0.0115460763,0.0346382289,0.0808225341,0.1634239857
2019-11-09,0.0115460763,0.0115460763,0.0346382289,0.0808225341,0.16481929409999999
2019-11-10,0.0115460763,0.0115460763,0.0346382289,0.0808225341,0.1662146025
2019-11-11,0.0115460763,0.0115460763,0.0346382289,0.0808225341,0.1676099109
2019-11-12,0.0115460763,0.0115460763,0.0346382289,0.0808225341,0.1690052193
2019-11-13,0.0115460763,0.0115460763,0.0346382289,0.0808225341,0.1704005277
2019-11-14,0.0115460763,0.0115460763,0.0346382289,0.0808225341,0.17179583610000002
2019-11-15,0.0115460763,0.0115460763,0.0346382289,0.0808225341,0.1731911445
2019-11-16,0.0115460763,0.0115460763,0.0346382289,0.0808225341,0.1731911445
2019-11-17,0.0115460763,0.0115460763,0.0346382289,0.0808225341,0.1731911445
2019-11-18,0.0115460763,0.0115460763,0.0346382289,0.0808225341,0.1731911445
2019-11-19,0.0115460763,0.0115460763,0.0346382289,0.0808225341,0.1731911445
2019-11-20,0.0115460763,0.0115460763,0.0346382289,0.0808225341,0.1731911445
2019-11-21,0.0115460763,0.0115460763,0.0346382289,0.0808225341,0.1731911445
2019-11-22,0.0115460763,0.0115460763,0.0346382289,0.0808225341,0.1731911445
2019-11-23,0.0115460763,0.0115460763,0.0346382289,0.0808225341,0.1731911445
2019-11-24,0.0115460763,0.0115460763,0.0346382289,0.0808225341,0.1731911445
2019-11-25,0.0115460763,0.0115460763,0.0346382289,0.0808225341,0.1731911445
2019-11-26,0.0115460763,0.0115460763,0.0346382289,0.0808225341,0.1731911445
2019-11-27,0.0115460763,0.0115460763,0.0346382289,0.0808225341,0.1731911445
2019-11-28,0.0115460763,0.0115460763,0.0346382289,0.0808225341,0.1731911445
2019-11-29,0.0115460763,0.0115460763,0.0346382289,0.0808225341,0.1731911445
2019-11-30,0.0115460763,0.0115460763,0.0346382289,0.0808225341,0.1731911445
2019-12-01,0.0121225091,0.0121225091,0.0352146617,0.0813989669,0.17376757729999998
2019-12-02,0.0121225091,0.0121225091,0.035791094499999995,0.0819753997,0.1743440101
2019-12-03,0.0121225091,0.0121225091,0.0363675273,0.0825518325,0.17492044289999997
2019-12-04,0.0121225091,0.0121225091,0.0363675273,0.0831282653,0.1754968757
2019-12-05,0.0121225091,0.0121225091,0.0363675273,0.0837046981,0.17607330849999997
2019-12-06,0.0121225091,0.0121225091,0.0363675273,0.0842811309,0.1766497413
2019-12-07,0.0121225091,0.0121225091,0.0363675273,0.0848575637,0.1772261741
2019-12-08,0.0121225091,0.0121225091,0.0363675273,0.0848575637,0.1778026069
2019-12-09,0.0121225091,0.0121225091,0.0363675273,0.0848575637,0.1783790397
2019-12-10,0.0121225091,0.0121225091,0.0363675273,0.0848575637,0.1789554725
2019-12-11,0.0121225091,0.0121225091,0.0363675273,0.0848575637,0.1795319053
2019-12-12,0.0121225091,0.0121225091,0.0363675273,0.0848575637,0.1801083381
2019-12-13,0.0121225091,0.0121225091,0.0363675273,0.0848575637,0.18068477089999999
2019-12-14,0.0121225091,0.0121225091,0.0363675273,0.0848575637,0.18126120369999998
2019-12-15,0.0121225091,0.0121225091,0.0363675273,0.0848575637,0.18183763649999998
2019-12-16,0.0121225091,0.0121225091,0.0363675273,0.0848575637,0.18183763649999998
2019-12-17,0.0121225091,0.0121225091,0.0363675273,0.0848575637,0.18183763649999998
2019-12-18,0.0121225091,0.0121225091,0.0363675273,0.0848575637,0.18183763649999998
2019-12-19,0.0121225091,0.0121225091,0.0363675273,0.0848575637,0.18183763649999998
2019-12-20,0.0121225091,0.0121225091,0.0363675273,0.0848575637,0.18183763649999998
2019-12-21,0.0121225091,0.0121225091,0.0363675273,0.0848575637,0.18183763649999998
2019-12-22,0.0121225091,0.0121225091,0.0363675273,0.0848575637,0.18183763649999998
2019-12-23,0.0121225091,0.0121225091,0.0363675273,0.0848575637,0.18183763649999998
2019-12-24,0.0121225091,0.0121225091,0.0363675273,0.0848575637,0.18183763649999998
2019-12-25,0.0121225091,0.0121225091,0.0363675273,0.0848575637,0.18183763649999998
2019-12-26,0.0121225091,0.0121225091,0.0363675273,0.0848575637,0.18183763649999998
2019-12-27,0.0121225091,0.0121225091,0.0363675273,0.0848575637,0.18183763649999998
2019-12-28,0.0121225091,0.0121225091,0.0363675273,0.0848575637,0.18183763649999998
2019-12-29,0.0121225091,0.0121225091,0.0363675273,0.0848575637,0.18183763649999998
2019-12-30,0.0121225091,0.0121225091,0.0363675273,0.0848575637,0.18183763649999998
2019-12-31,0.0121225091,0.0121225091,0.0363675273,0.0848575637,0.18183763649999998
2020-01-01,0.0112455999,0.0112455999,0.0354906181,0.0839806545,0.1809607273
2020-01-02,0.0112455999,0.0112455999,0.0346137089,0.08310374529999999,0.1800838181
2020-01-03,0.0112455999,0.0112455999,0.0337367997,0.08222683609999999,0.17920690890000002
2020-01-04,0.0112455999,0.0112455999,0.0337367997,0.0813499269,0.1783299997
2020-01-05,0.0112455999,0.0112455999,0.0337367997,0.0804730177,0.17745309050000002
2020-01-06,0.0112455999,0.0112455999,0.0337367997,0.0795961085,0.1765761813
2020-01-07,0.0112455999,0.0112455999,0.0337367997,0.0787191993,0.1756992721
2020-01-08,0.0112455999,0.0112455999,0.0337367997,0.0787191993,0.1748223629
2020-01-09,0.0112455999,0.0112455999,0.0337367997,0.0787191993,0.1739454537
2020-01-10,0.0112455999,0.0112455999,0.0337367997,0.0787191993,0.1730685445
2020-01-11,0.0112455999,0.0112455999,0.0337367997,0.0787191993,0.1721916353
2020-01-12,0.0112455999,0.0112455999,0.0337367997,0.0787191993,0.1713147261
2020-01-13,0.0112455999,0.0112455999,0.0337367997,0.0787191993,0.1704378169
2020-01-14,0.0112455999,0.0112455999,0.0337367997,0.0787191993,0.1695609077
2020-01-15,0.0112455999,0.0112455999,0.0337367997,0.0787191993,0.1686839985
2020-01-16,0.0112455999,0.0112455999,0.0337367997,0.0787191993,0.1686839985
2020-01-17,0.0112455999,0.0112455999,0.0337367997,0.0787191993,0.1686839985
2020-01-18,0.0112455999,0.0112455999,0.0337367997,0.0787191993,0.1686839985
2020-01-19,0.0112455999,0.0112455999,0.0337367997,0.0787191993,0.1686839985
2020-01-20,0.0112455999,0.0112455999,0.0337367997,0.0787191993,0.1686839985
2020-01-21,0.0112455999,0.0112455999,0.0337367997,0.0787191993,0.1686839985
2020-01-22,0.0112455999,0.0112455999,0.0337367997,0.0787191993,0.1686839985
2020-01-23,0.0112455999,0.0112455999,0.0337367997,0.0787191993,0.1686839985
2020-01-24,0.0112455999,0.0112455999,0.0337367997,0.0787191993,0.1686839985
2020-01-25,0.0112455999,0.0112455999,0.0337367997,0.0787191993,0.1686839985
2020-01-26,0.0112455999,0.0112455999,0.0337367997,0.0787191993,0.1686839985
2020-01-27,0.0112455999,0.0112455999,0.0337367997,0.0787191993,0.1686839985
2020-01-28,0.0112455999,0.0112455999,0.0337367997,0.0787191993,0.1686839985
2020-01-29,0.0112455999,0.0112455999,0.0337367997,0.0787191993,0.1686839985
2020-01-30,0.0112455999,0.0112455999,0.0337367997,0.0787191993,0.1686839985
2020-01-31,0.0112455999,0.0112455999,0.0337367997,0.0787191993,0.1686839985
2020-02-01,0.0167068969,0.0167068969,0.039198096700000004,0.0841804963,0.1741452955
2020-02-02,0.0167068969,0.0167068969,0.04465939370000001,0.08964179330000001,0.1796065925
2020-02-03,0.0167068969,0.0167068969,0.0501206907,0.0951030903,0.1850678895
2020-02-04,0.0167068969,0.0167068969,0.0501206907,0.1005643873,0.1905291865
2020-02-05,0.0167068969,0.0167068969,0.0501206907,0.1060256843,0.19599048349999998
2020-02-06,0.0167068969,0.0167068969,0.0501206907,0.11148698130000001,0.2014517805
2020-02-07,0.0167068969,0.0167068969,0.0501206907,0.1169482783,0.2069130775
2020-02-08,0.0167068969,0.0167068969,0.0501206907,0.1169482783,0.21237437450000002
2020-02-09,0.0167068969,0.0167068969,0.0501206907,0.1169482783,0.2178356715
2020-02-10,0.0167068969,0.0167068969,0.0501206907,0.1169482783,0.2232969685
2020-02-11,0.0167068969,0.0167068969,0.0501206907,0.1169482783,0.2287582655
2020-02-12,0.0167068969,0.0167068969,0.0501206907,0.1169482783,0.2342195625
2020-02-13,0.0167068969,0.0167068969,0.0501206907,0.1169482783,0.2396808595
2020-02-14,0.0167068969,0.0167068969,0.0501206907,0.1169482783,0.2451421565
2020-02-15,0.0167068969,0.0167068969,0.0501206907,0.1169482783,0.2506034535
2020-02-16,0.0167068969,0.0167068969,0.0501206907,0.1169482783,0.2506034535
2020-02-17,0.0167068969,0.0167068969,0.0501206907,0.1169482783,0.2506034535
2020-02-18,0.0167068969,0.0167068969,0.0501206907,0.1169482783,0.2506034535
2020-02-19,0.0167068969,0.0167068969,0.0501206907,0.1169482783,0.2506034535
2020-02-20,0.0167068969,0.0167068969,0.0501206907,0.1169482783,0.2506034535
2020-02-21,0.0167068969,0.0167068969,0.0501206907,0.1169482783,0.2506034535
2020-02-22,0.0167068969,0.0167068969,0.0501206907,0.1169482783,0.2506034535
2020-02-23,0.0167068969,0.0167068969,0.0501206907,0.1169482783,0.2506034535
2020-02-24,0.0167068969,0.0167068969,0.0501206907,0.1169482783,0.2506034535
2020-02-25,0.0167068969,0.0167068969,0.0501206907,0.1169482783,0.2506034535
2020-02-26,0.0167068969,0.0167068969,0.0501206907,0.1169482783,0.2506034535
2020-02-27,0.0167068969,0.0167068969,0.0501206907,0.1169482783,0.2506034535
2020-02-28,0.0167068969,0.0167068969,0.0501206907,0.1169482783,0.2506034535
2020-02-29,0.0167068969,0.0167068969,0.0501206907,0.1169482783,0.2506034535
2020-03-01,0.00776320975,0.00776320975,0.04117700355,0.10800459115,0.24165976635000003
2020-03-02,0.00776320975,0.00776320975,0.0322333164,0.099060904,0.23271607919999998
2020-03-03,0.00776320975,0.00776320975,0.02328962925,0.09011721685,0.22377239205
2020-03-04,0.00776320975,0.00776320975,0.02328962925,0.0811735297,0.2148287049
2020-03-05,0.00776320975,0.00776320975,0.02328962925,0.07222984255,0.20588501775
2020-03-06,0.00776320975,0.00776320975,0.02328962925,0.0632861554,0.19694133060000002
2020-03-07,0.00776320975,0.00776320975,0.02328962925,0.05434246825,0.18799764345000003
2020-03-08,0.00776320975,0.00776320975,0.02328962925,0.05434246825,0.17905395629999998
2020-03-09,0.00776320975,0.00776320975,0.02328962925,0.05434246825,0.17011026915
2020-03-10,0.00776320975,0.00776320975,0.02328962925,0.05434246825,0.161166582
2020-03-11,0.00776320975,0.00776320975,0.02328962925,0.05434246825,0.15222289485
2020-03-12,0.00776320975,0.00776320975,0.02328962925,0.05434246825,0.14327920770000002
2020-03-13,0.00776320975,0.00776320975,0.02328962925,0.05434246825,0.13433552054999998
2020-03-14,0.00776320975,0.00776320975,0.02328962925,0.05434246825,0.12539183339999999
2020-03-15,0.00776320975,0.00776320975,0.02328962925,0.05434246825,0.11644814625
2020-03-16,0.00776320975,0.00776320975,0.02328962925,0.05434246825,0.11644814625
2020-03-17,0.00776320975,0.00776320975,0.02328962925,0.05434246825,0.11644814625
2020-03-18,0.00776320975,0.00776320975,0.02328962925,0.05434246825,0.11644814625
2020-03-19,0.00776320975,0.00776320975,0.02328962925,0.05434246825,0.11644814625
2020-03-20,0.00776320975,0.00776320975,0.02328962925,0.05434246825,0.11644814625
2020-03-21,0.00776320975,0.00776320975,0.02328962925,0.05434246825,0.11644814625
2020-03-22,0.00776320975,0.00776320975,0.02328962925,0.05434246825,0.11644814625
2020-03-23,0.00776320975,0.00776320975,0.02328962925,0.05434246825,0.11644814625
2020-03-24,0.00776320975,0.00776320975,0.02328962925,0.05434246825,0.11644814625
2020-03-25,0.00776320975,0.00776320975,0.02328962925,0.05434246825,0.11644814625
2020-03-26,0.00776320975,0.00776320975,0.02328962925,0.05434246825,0.11644814625
2020-03-27,0.00776320975,0.00776320975,0.02328962925,0.05434246825,0.11644814625
2020-03-28,0.00776320975,0.00776320975,0.02328962925,0.05434246825,0.11644814625
2020-03-29,0.00776320975,0.00776320975,0.02328962925,0.05434246825,0.11644814625
2020-03-30,0.00776320975,0.00776320975,0.02328962925,0.05434246825,0.11644814625
2020-03-31,0.00776320975,0.00776320975,0.02328962925,0.05434246825,0.11644814625
2020-04-01,0.0258213561,0.0258213561,0.0413477756,0.0724006146,0.1345062926
2020-04-02,0.0258213561,0.0258213561,0.05940592195,0.09045876095,0.15256443895
2020-04-03,0.0258213561,0.0258213561,0.07746406830000001,0.1085169073,0.1706225853
2020-04-04,0.0258213561,0.0258213561,0.07746406830000001,0.12657505365,0.18868073165
2020-04-05,0.0258213561,0.0258213561,0.07746406830000001,0.14463320000000002,0.20673887800000001
2020-04-06,0.0258213561,0.0258213561,0.07746406830000001,0.16269134635000002,0.22479702435
2020-04-07,0.0258213561,0.0258213561,0.07746406830000001,0.18074949270000001,0.2428551707
2020-04-08,0.0258213561,0.0258213561,0.07746406830000001,0.18074949270000001,0.26091331705
2020-04-09,0.0258213561,0.0258213561,0.07746406830000001,0.18074949270000001,0.2789714634
2020-04-10,0.0258213561,0.0258213561,0.07746406830000001,0.18074949270000001,0.29702960975000003
2020-04-11,0.0258213561,0.0258213561,0.07746406830000001,0.18074949270000001,0.3150877561
2020-04-12,0.0258213561,0.0258213561,0.07746406830000001,0.18074949270000001,0.33314590245000003
2020-04-13,0.0258213561,0.0258213561,0.07746406830000001,0.18074949270000001,0.3512040488
2020-04-14,0.0258213561,0.0258213561,0.07746406830000001,0.18074949270000001,0.36926219515
2020-04-15,0.0258213561,0.0258213561,0.07746406830000001,0.18074949270000001,0.3873203415
2020-04-16,0.0258213561,0.0258213561,0.07746406830000001,0.18074949270000001,0.3873203415
2020-04-17,0.0258213561,0.0258213561,0.07746406830000001,0.18074949270000001,0.3873203415
2020-04-18,0.0258213561,0.0258213561,0.07746406830000001,0.18074949270000001,0.3873203415
2020-04-19,0.0258213561,0.0258213561,0.07746406830000001,0.18074949270000001,0.3873203415
2020-04-20,0.0258213561,0.0258213561,0.07746406830000001,0.18074949270000001,0.3873203415
2020-04-21,0.0258213561,0.0258213561,0.07746406830000001,0.18074949270000001,0.3873203415
2020-04-22,0.0258213561,0.0258213561,0.07746406830000001,0.18074949270000001,0.3873203415
2020-04-23,0.0258213561,0.0258213561,0.07746406830000001,0.18074949270000001,0.3873203415
2020-04-24,0.0258213561,0.0258213561,0.07746406830000001,0.18074949270000001,0.3873203415
2020-04-25,0.0258213561,0.0258213561,0.07746406830000001,0.18074949270000001,0.3873203415
2020-04-26,0.0258213561,0.0258213561,0.07746406830000001,0.18074949270000001,0.3873203415
2020-04-27,0.0258213561,0.0258213561,0.07746406830000001,0.18074949270000001,0.3873203415
2020-04-28,0.0258213561,0.0258213561,0.07746406830000001,0.18074949270000001,0.3873203415
2020-04-29,0.0258213561,0.0258213561,0.07746406830000001,0.18074949270000001,0.3873203415
2020-04-30,0.0258213561,0.0258213561,0.07746406830000001,0.18074949270000001,0.3873203415
2020-05-01,0.0432875007,0.0432875007,0.0949302129,0.19821563730000002,0.4047864861
2020-05-02,0.0432875007,0.0432875007,0.11239635750000002,0.2156817819,0.4222526307
2020-05-03,0.0432875007,0.0432875007,0.1298625021,0.23314792650000002,0.43971877530000003
2020-05-04,0.0432875007,0.0432875007,0.1298625021,0.2506140711,0.4571849199
2020-05-05,0.0432875007,0.0432875007,0.1298625021,0.2680802157,0.47465106450000005
2020-05-06,0.0432875007,0.0432875007,0.1298625021,0.2855463603,0.4921172091
2020-05-07,0.0432875007,0.0432875007,0.1298625021,0.30301250490000003,0.5095833537000001
2020-05-08,0.0432875007,0.0432875007,0.1298625021,0.30301250490000003,0.5270494983
2020-05-09,0.0432875007,0.0432875007,0.1298625021,0.30301250490000003,0.5445156429
2020-05-10,0.0432875007,0.0432875007,0.1298625021,0.30301250490000003,0.5619817874999999
2020-05-11,0.0432875007,0.0432875007,0.1298625021,0.30301250490000003,0.5794479321000001
2020-05-12,0.0432875007,0.0432875007,0.1298625021,0.30301250490000003,0.5969140767000001
2020-05-13,0.0432875007,0.0432875007,0.1298625021,0.30301250490000003,0.6143802213
2020-05-14,0.0432875007,0.0432875007,0.1298625021,0.30301250490000003,0.6318463659
2020-05-15,0.0432875007,0.0432875007,0.1298625021,0.30301250490000003,0.6493125105
2020-05-16,0.0432875007,0.0432875007,0.1298625021,0.30301250490000003,0.6493125105
2020-05-17,0.0432875007,0.0432875007,0.1298625021,0.30301250490000003,0.6493125105
2020-05-18,0.0432875007,0.0432875007,0.1298625021,0.30301250490000003,0.6493125105
2020-05-19,0.0432875007,0.0432875007,0.1298625021,0.30301250490000003,0.6493125105
2020-05-20,0.0432875007,0.0432875007,0.1298625021,0.30301250490000003,0.6493125105
2020-05-21,0.0432875007,0.0432875007,0.1298625021,0.30301250490000003,0.6493125105
2020-05-22,0.0432875007,0.0432875007,0.1298625021,0.30301250490000003,0.6493125105
2020-05-23,0.0432875007,0.0432875007,0.1298625021,0.30301250490000003,0.6493125105
2020-05-24,0.0432875007,0.0432875007,0.1298625021,0.30301250490000003,0.6493125105
2020-05-25,0.0432875007,0.0432875007,0.1298625021,0.30301250490000003,0.6493125105
2020-05-26,0.0432875007,0.0432875007,0.1298625021,0.30301250490000003,0.6493125105
2020-05-27,0.0432875007,0.0432875007,0.1298625021,0.30301250490000003,0.6493125105
2020-05-28,0.0432875007,0.0432875007,0.1298625021,0.30301250490000003,0.6493125105
2020-05-29,0.0432875007,0.0432875007,0.1298625021,0.30301250490000003,0.6493125105
2020-05-30,0.0432875007,0.0432875007,0.1298625021,0.30301250490000003,0.6493125105
2020-05-31,0.0432875007,0.0432875007,0.1298625021,0.30301250490000003,0.6493125105
2020-06-01,0.0277838334,0.0277838334,0.1143588348,0.2875088376,0.6338088432
2020-06-02,0.0277838334,0.0277838334,0.0988551675,0.27200517030000004,0.6183051759
2020-06-03,0.0277838334,0.0277838334,0.0833515002,0.256501503,0.6028015086
2020-06-04,0.0277838334,0.0277838334,0.0833515002,0.2409978357,0.5872978413000001
2020-06-05,0.0277838334,0.0277838334,0.0833515002,0.22549416840000003,0.5717941740000001
2020-06-06,0.0277838334,0.0277838334,0.0833515002,0.2099905011,0.5562905066999999
2020-06-07,0.0277838334,0.0277838334,0.0833515002,0.19448683379999998,0.5407868393999999
2020-06-08,0.0277838334,0.0277838334,0.0833515002,0.19448683379999998,0.5252831721
2020-06-09,0.0277838334,0.0277838334,0.0833515002,0.19448683379999998,0.5097795048
2020-06-10,0.0277838334,0.0277838334,0.0833515002,0.19448683379999998,0.4942758375
2020-06-11,0.0277838334,0.0277838334,0.0833515002,0.19448683379999998,0.4787721702
2020-06-12,0.0277838334,0.0277838334,0.0833515002,0.19448683379999998,0.4632685029
2020-06-13,0.0277838334,0.0277838334,0.0833515002,0.19448683379999998,0.44776483559999997
2020-06-14,0.0277838334,0.0277838334,0.0833515002,0.19448683379999998,0.4322611683
2020-06-15,0.0277838334,0.0277838334,0.0833515002,0.19448683379999998,0.416757501
2020-06-16,0.0277838334,0.0277838334,0.0833515002,0.19448683379999998,0.416757501
2020-06-17,0.0277838334,0.0277838334,0.0833515002,0.19448683379999998,0.416757501
2020-06-18,0.0277838334,0.0277838334,0.0833515002,0.19448683379999998,0.416757501
2020-06-19,0.0277838334,0.0277838334,0.0833515002,0.19448683379999998,0.416757501
2020-06-20,0.0277838334,0.0277838334,0.0833515002,0.19448683379999998,0.416757501
2020-06-21,0.0277838334,0.0277838334,0.0833515002,0.19448683379999998,0.416757501
2020-06-22,0.0277838334,0.0277838334,0.0833515002,0.19448683379999998,0.416757501
2020-06-23,0.0277838334,0.0277838334,0.0833515002,0.19448683379999998,0.416757501
2020-06-24,0.0277838334,0.0277838334,0.0833515002,0.19448683379999998,0.416757501
2020-06-25,0.0277838334,0.0277838334,0.0833515002,0.19448683379999998,0.416757501
2020-06-26,0.0277838334,0.0277838334,0.0833515002,0.19448683379999998,0.416757501
2020-06-27,0.0277838334,0.0277838334,0.0833515002,0.19448683379999998,0.416757501
2020-06-28,0.0277838334,0.0277838334,0.0833515002,0.19448683379999998,0.416757501
2020-06-29,0.0277838334,0.0277838334,0.0833515002,0.19448683379999998,0.416757501
2020-06-30,0.0277838334,0.0277838334,0.0833515002,0.19448683379999998,0.416757501
2020-07-01,0.0471342131,0.0471342131,0.1027018799,0.2138372135,0.43610788069999995
2020-07-02,0.0471342131,0.0471342131,0.1220522596,0.2331875932,0.45545826040000004
2020-07-03,0.0471342131,0.0471342131,0.14140263930000002,0.2525379729,0.4748086401
2020-07-04,0.0471342131,0.0471342131,0.14140263930000002,0.2718883526,0.4941590198
2020-07-05,0.0471342131,0.0471342131,0.14140263930000002,0.2912387323,0.5135093995
2020-07-06,0.0471342131,0.0471342131,0.14140263930000002,0.310589112,0.5328597792
2020-07-07,0.0471342131,0.0471342131,0.14140263930000002,0.32993949170000003,0.5522101589
2020-07-08,0.0471342131,0.0471342131,0.14140263930000002,0.32993949170000003,0.5715605386
2020-07-09,0.0471342131,0.0471342131,0.14140263930000002,0.32993949170000003,0.5909109183
2020-07-10,0.0471342131,0.0471342131,0.14140263930000002,0.32993949170000003,0.610261298
2020-07-11,0.0471342131,0.0471342131,0.14140263930000002,0.32993949170000003,0.6296116776999999
2020-07-12,0.0471342131,0.0471342131,0.14140263930000002,0.32993949170000003,0.6489620574000001
2020-07-13,0.0471342131,0.0471342131,0.14140263930000002,0.32993949170000003,0.6683124371000001
2020-07-14,0.0471342131,0.0471342131,0.14140263930000002,0.32993949170000003,0.6876628168000001
2020-07-15,0.0471342131,0.0471342131,0.14140263930000002,0.32993949170000003,0.7070131965
2020-07-16,0.0471342131,0.0471342131,0.14140263930000002,0.32993949170000003,0.7070131965
2020-07-17,0.0471342131,0.0471342131,0.14140263930000002,0.32993949170000003,0.7070131965
2020-07-18,0.0471342131,0.0471342131,0.14140263930000002,0.32993949170000003,0.7070131965
2020-07-19,0.0471342131,0.0471342131,0.14140263930000002,0.32993949170000003,0.7070131965
2020-07-20,0.0471342131,0.0471342131,0.14140263930000002,0.32993949170000003,0.7070131965
2020-07-21,0.0471342131,0.0471342131,0.14140263930000002,0.32993949170000003,0.7070131965
2020-07-22,0.0471342131,0.0471342131,0.14140263930000002,0.32993949170000003,0.7070131965
2020-07-23,0.0471342131,0.0471342131,0.14140263930000002,0.32993949170000003,0.7070131965
2020-07-24,0.0471342131,0.0471342131,0.14140263930000002,0.32993949170000003,0.7070131965
2020-07-25,0.0471342131,0.0471342131,0.14140263930000002,0.32993949170000003,0.7070131965
2020-07-26,0.0471342131,0.0471342131,0.14140263930000002,0.32993949170000003,0.7070131965
2020-07-27,0.0471342131,0.0471342131,0.14140263930000002,0.32993949170000003,0.7070131965
2020-07-28,0.0471342131,0.0471342131,0.14140263930000002,0.32993949170000003,0.7070131965
2020-07-29,0.0471342131,0.0471342131,0.14140263930000002,0.32993949170000003,0.7070131965
2020-07-30,0.0471342131,0.0471342131,0.14140263930000002,0.32993949170000003,0.7070131965
2020-07-31,0.0471342131,0.0471342131,0.14140263930000002,0.32993949170000003,0.7070131965
2020-08-01,0.0441914611,0.0441914611,0.1384598873,0.3269967397,0.7040704445
2020-08-02,0.0441914611,0.0441914611,0.1355171353,0.32405398770000005,0.7011276925000001
2020-08-03,0.0441914611,0.0441914611,0.13257438330000001,0.32111123570000005,0.6981849405000001
2020-08-04,0.0441914611,0.0441914611,0.13257438330000001,0.3181684837,0.6952421885000001
2020-08-05,0.0441914611,0.0441914611,0.13257438330000001,0.3152257317,0.6922994365
2020-08-06,0.0441914611,0.0441914611,0.13257438330000001,0.3122829797,0.6893566845
2020-08-07,0.0441914611,0.0441914611,0.13257438330000001,0.3093402277,0.6864139325
2020-08-08,0.0441914611,0.0441914611,0.13257438330000001,0.3093402277,0.6834711805
2020-08-09,0.0441914611,0.0441914611,0.13257438330000001,0.3093402277,0.6805284285000001
2020-08-10,0.0441914611,0.0441914611,0.13257438330000001,0.3093402277,0.6775856765000001
2020-08-11,0.0441914611,0.0441914611,0.13257438330000001,0.3093402277,0.6746429245000001
2020-08-12,0.0441914611,0.0441914611,0.13257438330000001,0.3093402277,0.6717001725
2020-08-13,0.0441914611,0.0441914611,0.13257438330000001,0.3093402277,0.6687574205
2020-08-14,0.0441914611,0.0441914611,0.13257438330000001,0.3093402277,0.6658146685
2020-08-15,0.0441914611,0.0441914611,0.13257438330000001,0.3093402277,0.6628719165
2020-08-16,0.0441914611,0.0441914611,0.13257438330000001,0.3093402277,0.6628719165
2020-08-17,0.0441914611,0.0441914611,0.13257438330000001,0.3093402277,0.6628719165
2020-08-18,0.0441914611,0.0441914611,0.13257438330000001,0.3093402277,0.6628719165
2020-08-19,0.0441914611,0.0441914611,0.13257438330000001,0.3093402277,0.6628719165
2020-08-20,0.0441914611,0.0441914611,0.13257438330000001,0.3093402277,0.6628719165
2020-08-21,0.0441914611,0.0441914611,0.13257438330000001,0.3093402277,0.6628719165
2020-08-22,0.0441914611,0.0441914611,0.13257438330000001,0.3093402277,0.6628719165
2020-08-23,0.0441914611,0.0441914611,0.13257438330000001,0.3093402277,0.6628719165
2020-08-24,0.0441914611,0.0441914611,0.13257438330000001,0.3093402277,0.6628719165
2020-08-25,0.0441914611,0.0441914611,0.13257438330000001,0.3093402277,0.6628719165
2020-08-26,0.0441914611,0.0441914611,0.13257438330000001,0.3093402277,0.6628719165
2020-08-27,0.0441914611,0.0441914611,0.13257438330000001,0.3093402277,0.6628719165
2020-08-28,0.0441914611,0.0441914611,0.13257438330000001,0.3093402277,0.6628719165
2020-08-29,0.0441914611,0.0441914611,0.13257438330000001,0.3093402277,0.6628719165
2020-08-30,0.0441914611,0.0441914611,0.13257438330000001,0.3093402277,0.6628719165
2020-08-31,0.0441914611,0.0441914611,0.13257438330000001,0.3093402277,0.6628719165
2020-09-01,0.0415912978,0.0415912978,0.12997422000000003,0.3067400644,0.6602717532000001
2020-09-02,0.0415912978,0.0415912978,0.12737405670000002,0.3041399011,0.6576715899000001
2020-09-03,0.0415912978,0.0415912978,0.1247738934,0.3015397378,0.6550714266
2020-09-04,0.0415912978,0.0415912978,0.1247738934,0.2989395745,0.6524712633
2020-09-05,0.0415912978,0.0415912978,0.1247738934,0.2963394112,0.6498711
2020-09-06,0.0415912978,0.0415912978,0.1247738934,0.2937392479,0.6472709367
2020-09-07,0.0415912978,0.0415912978,0.1247738934,0.29113908460000004,0.6446707734
2020-09-08,0.0415912978,0.0415912978,0.1247738934,0.29113908460000004,0.6420706101000001
2020-09-09,0.0415912978,0.0415912978,0.1247738934,0.29113908460000004,0.6394704468000001
2020-09-10,0.0415912978,0.0415912978,0.1247738934,0.29113908460000004,0.6368702835
2020-09-11,0.0415912978,0.0415912978,0.1247738934,0.29113908460000004,0.6342701202000001
2020-09-12,0.0415912978,0.0415912978,0.1247738934,0.29113908460000004,0.6316699569
2020-09-13,0.0415912978,0.0415912978,0.1247738934,0.29113908460000004,0.6290697936
2020-09-14,0.0415912978,0.0415912978,0.1247738934,0.29113908460000004,0.6264696303
2020-09-15,0.0415912978,0.0415912978,0.1247738934,0.29113908460000004,0.623869467
2020-09-16,0.0415912978,0.0415912978,0.1247738934,0.29113908460000004,0.623869467
2020-09-17,0.0415912978,0.0415912978,0.1247738934,0.29113908460000004,0.623869467
2020-09-18,0.0415912978,0.0415912978,0.1247738934,0.29113908460000004,0.623869467
2020-09-19,0.0415912978,0.0415912978,0.1247738934,0.29113908460000004,0.623869467
2020-09-20,0.0415912978,0.0415912978,0.1247738934,0.29113908460000004,0.623869467
2020-09-21,0.0415912978,0.0415912978,0.1247738934,0.29113908460000004,0.623869467
2020-09-22,0.0415912978,0.0415912978,0.1247738934,0.29113908460000004,0.623869467
2020-09-23,0.0415912978,0.0415912978,0.1247738934,0.29113908460000004,0.623869467
2020-09-24,0.0415912978,0.0415912978,0.1247738934,0.29113908460000004,0.623869467
2020-09-25,0.0415912978,0.0415912978,0.1247738934,0.29113908460000004,0.623869467
2020-09-26,0.0415912978,0.0415912978,0.1247738934,0.29113908460000004,0.623869467
2020-09-27,0.0415912978,0.0415912978,0.1247738934,0.29113908460000004,0.623869467
2020-09-28,0.0415912978,0.0415912978,0.1247738934,0.29113908460000004,0.623869467
2020-09-29,0.0415912978,0.0415912978,0.1247738934,0.29113908460000004,0.623869467
2020-09-30,0.0415912978,0.0415912978,0.1247738934,0.29113908460000004,0.623869467
2020-10-01,0.017384233,0.017384233,0.10056682859999999,0.26693201980000003,0.5996624022000001
2020-10-02,0.017384233,0.017384233,0.07635976380000001,0.24272495500000002,0.5754553374
2020-10-03,0.017384233,0.017384233,0.052152699,0.2185178902,0.5512482726
2020-10-04,0.017384233,0.017384233,0.052152699,0.19431082540000003,0.5270412078000001
2020-10-05,0.017384233,0.017384233,0.052152699,0.17010376060000001,0.5028341430000001
2020-10-06,0.017384233,0.017384233,0.052152699,0.1458966958,0.4786270782
2020-10-07,0.017384233,0.017384233,0.052152699,0.12168963099999999,0.4544200134
2020-10-08,0.017384233,0.017384233,0.052152699,0.12168963099999999,0.43021294860000003
2020-10-09,0.017384233,0.017384233,0.052152699,0.12168963099999999,0.40600588379999997
2020-10-10,0.017384233,0.017384233,0.052152699,0.12168963099999999,0.381798819
2020-10-11,0.017384233,0.017384233,0.052152699,0.12168963099999999,0.3575917542
2020-10-12,0.017384233,0.017384233,0.052152699,0.12168963099999999,0.3333846894
2020-10-13,0.017384233,0.017384233,0.052152699,0.12168963099999999,0.3091776246
2020-10-14,0.017384233,0.017384233,0.052152699,0.12168963099999999,0.28497055979999997
2020-10-15,0.017384233,0.017384233,0.052152699,0.12168963099999999,0.26076349499999996
2020-10-16,0.017384233,0.017384233,0.052152699,0.12168963099999999,0.26076349499999996
2020-10-17,0.017384233,0.017384233,0.052152699,0.12168963099999999,0.26076349499999996
2020-10-18,0.017384233,0.017384233,0.052152699,0.12168963099999999,0.26076349499999996
2020-10-19,0.017384233,0.017384233,0.052152699,0.12168963099999999,0.26076349499999996
2020-10-20,0.017384233,0.017384233,0.052152699,0.12168963099999999,0.26076349499999996
2020-10-21,0.017384233,0.017384233,0.052152699,0.12168963099999999,0.26076349499999996
2020-10-22,0.017384233,0.017384233,0.052152699,0.12168963099999999,0.26076349499999996
2020-10-23,0.017384233,0.017384233,0.052152699,0.12168963099999999,0.26076349499999996
2020-10-24,0.017384233,0.017384233,0.052152699,0.12168963099999999,0.26076349499999996
2020-10-25,0.017384233,0.017384233,0.052152699,0.12168963099999999,0.26076349499999996
2020-10-26,0.017384233,0.017384233,0.052152699,0.12168963099999999,0.26076349499999996
2020-10-27,0.017384233,0.017384233,0.052152699,0.12168963099999999,0.26076349499999996
2020-10-28,0.017384233,0.017384233,0.052152699,0.12168963099999999,0.26076349499999996
2020-10-29,0.017384233,0.017384233,0.052152699,0.12168963099999999,0.26076349499999996
2020-10-30,0.017384233,0.017384233,0.052152699,0.12168963099999999,0.26076349499999996
2020-10-31,0.017384233,0.017384233,0.052152699,0.12168963099999999,0.26076349499999996
2020-11-01,0.0198559053,0.0198559053,0.0546243713,0.12416130329999998,0.26323516729999996
2020-11-02,0.0198559053,0.0198559053,0.0570960436,0.1266329756,0.26570683959999997
2020-11-03,0.0198559053,0.0198559053,0.0595677159,0.1291046479,0.26817851189999997
2020-11-04,0.0198559053,0.0198559053,0.0595677159,0.1315763202,0.27065018420000003
2020-11-05,0.0198559053,0.0198559053,0.0595677159,0.13404799250000002,0.2731218565
2020-11-06,0.0198559053,0.0198559053,0.0595677159,0.1365196648,0.2755935288
2020-11-07,0.0198559053,0.0198559053,0.0595677159,0.1389913371,0.2780652011
2020-11-08,0.0198559053,0.0198559053,0.0595677159,0.1389913371,0.2805368734
2020-11-09,0.0198559053,0.0198559053,0.0595677159,0.1389913371,0.2830085457
2020-11-10,0.0198559053,0.0198559053,0.0595677159,0.1389913371,0.285480218
2020-11-11,0.0198559053,0.0198559053,0.0595677159,0.1389913371,0.2879518903
2020-11-12,0.0198559053,0.0198559053,0.0595677159,0.1389913371,0.2904235626
2020-11-13,0.0198559053,0.0198559053,0.0595677159,0.1389913371,0.2928952349
2020-11-14,0.0198559053,0.0198559053,0.0595677159,0.1389913371,0.29536690720000003
2020-11-15,0.0198559053,0.0198559053,0.0595677159,0.1389913371,0.29783857950000003
2020-11-16,0.0198559053,0.0198559053,0.0595677159,0.1389913371,0.29783857950000003
2020-11-17,0.0198559053,0.0198559053,0.0595677159,0.1389913371,0.29783857950000003
2020-11-18,0.0198559053,0.0198559053,0.0595677159,0.1389913371,0.29783857950000003
2020-11-19,0.0198559053,0.0198559053,0.0595677159,0.1389913371,0.29783857950000003
2020-11-20,0.0198559053,0.0198559053,0.0595677159,0.1389913371,0.29783857950000003
2020-11-21,0.0198559053,0.0198559053,0.0595677159,0.1389913371,0.29783857950000003
2020-11-22,0.0198559053,0.0198559053,0.0595677159,0.1389913371,0.29783857950000003
2020-11-23,0.0198559053,0.0198559053,0.0595677159,0.1389913371,0.29783857950000003
2020-11-24,0.0198559053,0.0198559053,0.0595677159,0.1389913371,0.29783857950000003
2020-11-25,0.0198559053,0.0198559053,0.0595677159,0.1389913371,0.29783857950000003
2020-11-26,0.0198559053,0.0198559053,0.0595677159,0.1389913371,0.29783857950000003
2020-11-27,0.0198559053,0.0198559053,0.0595677159,0.1389913371,0.29783857950000003
2020-11-28,0.0198559053,0.0198559053,0.0595677159,0.1389913371,0.29783857950000003
2020-11-29,0.0198559053,0.0198559053,0.0595677159,0.1389913371,0.29783857950000003
2020-11-30,0.0198559053,0.0198559053,0.0595677159,0.1389913371,0.29783857950000003
2020-12-01,0.00914870575,0.00914870575,0.04886051635,0.12828413755,0.28713137995
2020-12-02,0.00914870575,0.00914870575,0.0381533168,0.117576938,0.27642418040000005
2020-12-03,0.00914870575,0.00914870575,0.02744611725,0.10686973845,0.26571698085
2020-12-04,0.00914870575,0.00914870575,0.02744611725,0.0961625389,0.2550097813
2020-12-05,0.00914870575,0.00914870575,0.02744611725,0.08545533935,0.24430258175000003
2020-12-06,0.00914870575,0.00914870575,0.02744611725,0.0747481398,0.2335953822
2020-12-07,0.00914870575,0.00914870575,0.02744611725,0.06404094025,0.22288818265
2020-12-08,0.00914870575,0.00914870575,0.02744611725,0.06404094025,0.2121809831
2020-12-09,0.00914870575,0.00914870575,0.02744611725,0.06404094025,0.20147378355
2020-12-10,0.00914870575,0.00914870575,0.02744611725,0.06404094025,0.190766584
2020-12-11,0.00914870575,0.00914870575,0.02744611725,0.06404094025,0.18005938444999997
2020-12-12,0.00914870575,0.00914870575,0.02744611725,0.06404094025,0.1693521849
2020-12-13,0.00914870575,0.00914870575,0.02744611725,0.06404094025,0.15864498535
2020-12-14,0.00914870575,0.00914870575,0.02744611725,0.06404094025,0.1479377858
2020-12-15,0.00914870575,0.00914870575,0.02744611725,0.06404094025,0.13723058625
2020-12-16,0.00914870575,0.00914870575,0.02744611725,0.06404094025,0.13723058625
2020-12-17,0.00914870575,0.00914870575,0.02744611725,0.06404094025,0.13723058625
2020-12-18,0.00914870575,0.00914870575,0.02744611725,0.06404094025,0.13723058625
2020-12-19,0.00914870575,0.00914870575,0.02744611725,0.06404094025,0.13723058625
2020-12-20,0.00914870575,0.00914870575,0.02744611725,0.06404094025,0.13723058625
2020-12-21,0.00914870575,0.00914870575,0.02744611725,0.06404094025,0.13723058625
2020-12-22,0.00914870575,0.00914870575,0.02744611725,0.06404094025,0.13723058625
2020-12-23,0.00914870575,0.00914870575,0.02744611725,0.06404094025,0.13723058625
2020-12-24,0.00914870575,0.00914870575,0.02744611725,0.06404094025,0.13723058625
2020-12-25,0.00914870575,0.00914870575,0.02744611725,0.06404094025,0.13723058625
2020-12-26,0.00914870575,0.00914870575,0.02744611725,0.06404094025,0.13723058625
2020-12-27,0.00914870575,0.00914870575,0.02744611725,0.06404094025,0.13723058625
2020-12-28,0.00914870575,0.00914870575,0.02744611725,0.06404094025,0.13723058625
2020-12-29,0.00914870575,0.00914870575,0.02744611725,0.06404094025,0.13723058625
2020-12-30,0.00914870575,0.00914870575,0.02744611725,0.06404094025,0.13723058625
2020-12-31,0.00914870575,0.00914870575,0.02744611725,0.06404094025,0.13723058625
2021-01-01,0.0114850514,0.0114850514,0.0297824629,0.0663772859,0.1395669319
2021-01-02,0.0114850514,0.0114850514,0.03211880855,0.06871363155,0.14190327754999998
2021-01-03,0.0114850514,0.0114850514,0.0344551542,0.0710499772,0.1442396232
2021-01-04,0.0114850514,0.0114850514,0.0344551542,0.07338632284999999,0.14657596885
2021-01-05,0.0114850514,0.0114850514,0.0344551542,0.07572266849999999,0.14891231449999998
2021-01-06,0.0114850514,0.0114850514,0.0344551542,0.07805901415,0.15124866015
2021-01-07,0.0114850514,0.0114850514,0.0344551542,0.0803953598,0.1535850058
2021-01-08,0.0114850514,0.0114850514,0.0344551542,0.0803953598,0.15592135145
2021-01-09,0.0114850514,0.0114850514,0.0344551542,0.0803953598,0.15825769709999998
2021-01-10,0.0114850514,0.0114850514,0.0344551542,0.0803953598,0.16059404275
2021-01-11,0.0114850514,0.0114850514,0.0344551542,0.0803953598,0.16293038840000001
2021-01-12,0.0114850514,0.0114850514,0.0344551542,0.0803953598,0.16526673405
2021-01-13,0.0114850514,0.0114850514,0.0344551542,0.0803953598,0.1676030797
2021-01-14,0.0114850514,0.0114850514,0.0344551542,0.0803953598,0.16993942535
2021-01-15,0.0114850514,0.0114850514,0.0344551542,0.0803953598,0.172275771
2021-01-16,0.0114850514,0.0114850514,0.0344551542,0.0803953598,0.172275771
2021-01-17,0.0114850514,0.0114850514,0.0344551542,0.0803953598,0.172275771
2021-01-18,0.0114850514,0.0114850514,0.0344551542,0.0803953598,0.172275771
2021-01-19,0.0114850514,0.0114850514,0.0344551542,0.0803953598,0.172275771
2021-01-20,0.0114850514,0.0114850514,0.0344551542,0.0803953598,0.172275771
2021-01-21,0.0114850514,0.0114850514,0.0344551542,0.0803953598,0.172275771
2021-01-22,0.0114850514,0.0114850514,0.0344551542,0.0803953598,0.172275771
2021-01-23,0.0114850514,0.0114850514,0.0344551542,0.0803953598,0.172275771
2021-01-24,0.0114850514,0.0114850514,0.0344551542,0.0803953598,0.172275771
2021-01-25,0.0114850514,0.0114850514,0.0344551542,0.0803953598,0.172275771
2021-01-26,0.0114850514,0.0114850514,0.0344551542,0.0803953598,0.172275771
2021-01-27,0.0114850514,0.0114850514,0.0344551542,0.0803953598,0.172275771
2021-01-28,0.0114850514,0.0114850514,0.0344551542,0.0803953598,0.172275771
2021-01-29,0.0114850514,0.0114850514,0.0344551542,0.0803953598,0.172275771
2021-01-30,0.0114850514,0.0114850514,0.0344551542,0.0803953598,0.172275771
2021-01-31,0.0114850514,0.0114850514,0.0344551542,0.0803953598,0.172275771
2021-02-01,0.0136493836,0.0136493836,0.0366194864,0.08255969199999999,0.1744401032
2021-02-02,0.0136493836,0.0136493836,0.0387838186,0.0847240242,0.1766044354
2021-02-03,0.0136493836,0.0136493836,0.0409481508,0.08688835639999999,0.17876876760000002
2021-02-04,0.0136493836,0.0136493836,0.0409481508,0.08905268860000001,0.1809330998
2021-02-05,0.0136493836,0.0136493836,0.0409481508,0.0912170208,0.183097432
2021-02-06,0.0136493836,0.0136493836,0.0409481508,0.093381353,0.1852617642
2021-02-07,0.0136493836,0.0136493836,0.0409481508,0.09554568520000001,0.1874260964
2021-02-08,0.0136493836,0.0136493836,0.0409481508,0.09554568520000001,0.1895904286
2021-02-09,0.0136493836,0.0136493836,0.0409481508,0.09554568520000001,0.1917547608
2021-02-10,0.0136493836,0.0136493836,0.0409481508,0.09554568520000001,0.193919093
2021-02-11,0.0136493836,0.0136493836,0.0409481508,0.09554568520000001,0.1960834252
2021-02-12,0.0136493836,0.0136493836,0.0409481508,0.09554568520000001,0.1982477574
2021-02-13,0.0136493836,0.0136493836,0.0409481508,0.09554568520000001,0.2004120896
2021-02-14,0.0136493836,0.0136493836,0.0409481508,0.09554568520000001,0.2025764218
2021-02-15,0.0136493836,0.0136493836,0.0409481508,0.09554568520000001,0.204740754
2021-02-16,0.0136493836,0.0136493836,0.0409481508,0.09554568520000001,0.204740754
2021-02-17,0.0136493836,0.0136493836,0.0409481508,0.09554568520000001,0.204740754
2021-02-18,0.0136493836,0.0136493836,0.0409481508,0.09554568520000001,0.204740754
2021-02-19,0.0136493836,0.0136493836,0.0409481508,0.09554568520000001,0.204740754
2021-02-20,0.0136493836,0.0136493836,0.0409481508,0.09554568520000001,0.204740754
2021-02-21,0.0136493836,0.0136493836,0.0409481508,0.09554568520000001,0.204740754
2021-02-22,0.0136493836,0.0136493836,0.0409481508,0.09554568520000001,0.204740754
2021-02-23,0.0136493836,0.0136493836,0.0409481508,0.09554568520000001,0.204740754
2021-02-24,0.0136493836,0.0136493836,0.0409481508,0.09554568520000001,0.204740754
2021-02-25,0.0136493836,0.0136493836,0.0409481508,0.09554568520000001,0.204740754
2021-02-26,0.0136493836,0.0136493836,0.0409481508,0.09554568520000001,0.204740754
2021-02-27,0.0136493836,0.0136493836,0.0409481508,0.09554568520000001,0.204740754
2021-02-28,0.0136493836,0.0136493836,0.0409481508,0.09554568520000001,0.204740754
2021-03-01,0.00797981117,0.00797981117,0.03527857837,0.08987611277,0.19907118157
2021-03-02,0.00797981117,0.00797981117,0.029609005940000002,0.08420654034,0.19340160914
2021-03-03,0.00797981117,0.00797981117,0.02393943351,0.07853696791,0.18773203671
2021-03-04,0.00797981117,0.00797981117,0.02393943351,0.07286739548,0.18206246428
2021-03-05,0.00797981117,0.00797981117,0.02393943351,0.06719782305,0.17639289185
2021-03-06,0.00797981117,0.00797981117,0.02393943351,0.06152825062,0.17072331942
2021-03-07,0.00797981117,0.00797981117,0.02393943351,0.05585867819,0.16505374699
2021-03-08,0.00797981117,0.00797981117,0.02393943351,0.05585867819,0.15938417456
2021-03-09,0.00797981117,0.00797981117,0.02393943351,0.05585867819,0.15371460213
2021-03-10,0.00797981117,0.00797981117,0.02393943351,0.05585867819,0.14804502970000002
2021-03-11,0.00797981117,0.00797981117,0.02393943351,0.05585867819,0.14237545727
2021-03-12,0.00797981117,0.00797981117,0.02393943351,0.05585867819,0.13670588483999999
2021-03-13,0.00797981117,0.00797981117,0.02393943351,0.05585867819,0.13103631241
2021-03-14,0.00797981117,0.00797981117,0.02393943351,0.05585867819,0.12536673998
2021-03-15,0.00797981117,0.00797981117,0.02393943351,0.05585867819,0.11969716755
2021-03-16,0.00797981117,0.00797981117,0.02393943351,0.05585867819,0.11969716755
2021-03-17,0.00797981117,0.00797981117,0.02393943351,0.05585867819,0.11969716755
2021-03-18,0.00797981117,0.00797981117,0.02393943351,0.05585867819,0.11969716755
2021-03-19,0.00797981117,0.00797981117,0.02393943351,0.05585867819,0.11969716755
2021-03-20,0.00797981117,0.00797981117,0.02393943351,0.05585867819,0.11969716755
2021-03-21,0.00797981117,0.00797981117,0.02393943351,0.05585867819,0.11969716755
2021-03-22,0.00797981117,0.00797981117,0.02393943351,0.05585867819,0.11969716755
2021-03-23,0.00797981117,0.00797981117,0.02393943351,0.05585867819,0.11969716755
2021-03-24,0.00797981117,0.00797981117,0.02393943351,0.05585867819,0.11969716755
2021-03-25,0.00797981117,0.00797981117,0.02393943351,0.05585867819,0.11969716755
2021-03-26,0.00797981117,0.00797981117,0.02393943351,0.05585867819,0.11969716755
2021-03-27,0.00797981117,0.00797981117,0.02393943351,0.05585867819,0.11969716755
2021-03-28,0.00797981117,0.00797981117,0.02393943351,0.05585867819,0.11969716755
2021-03-29,0.00797981117,0.00797981117,0.02393943351,0.05585867819,0.11969716755
2021-03-30,0.00797981117,0.00797981117,0.02393943351,0.05585867819,0.11969716755
2021-03-31,0.00797981117,0.00797981117,0.02393943351,0.05585867819,0.11969716755
2021-04-01,0.0206409749,0.0206409749,0.036600597240000005,0.06851984191999999,0.13235833128000002
2021-04-02,0.0206409749,0.0206409749,0.04926176097,0.08118100565,0.14501949501
2021-04-03,0.0206409749,0.0206409749,0.06192292470000001,0.09384216938,0.15768065874
2021-04-04,0.0206409749,0.0206409749,0.06192292470000001,0.10650333311,0.17034182247
2021-04-05,0.0206409749,0.0206409749,0.06192292470000001,0.11916449684000001,0.1830029862
2021-04-06,0.0206409749,0.0206409749,0.06192292470000001,0.13182566057,0.19566414993
2021-04-07,0.0206409749,0.0206409749,0.06192292470000001,0.1444868243,0.20832531366
2021-04-08,0.0206409749,0.0206409749,0.06192292470000001,0.1444868243,0.22098647739000002
2021-04-09,0.0206409749,0.0206409749,0.06192292470000001,0.1444868243,0.23364764112
2021-04-10,0.0206409749,0.0206409749,0.06192292470000001,0.1444868243,0.24630880485
2021-04-11,0.0206409749,0.0206409749,0.06192292470000001,0.1444868243,0.25896996858000004
2021-04-12,0.0206409749,0.0206409749,0.06192292470000001,0.1444868243,0.27163113231
2021-04-13,0.0206409749,0.0206409749,0.06192292470000001,0.1444868243,0.28429229604
2021-04-14,0.0206409749,0.0206409749,0.06192292470000001,0.1444868243,0.29695345977000004
2021-04-15,0.0206409749,0.0206409749,0.06192292470000001,0.1444868243,0.3096146235
2021-04-16,0.0206409749,0.0206409749,0.06192292470000001,0.1444868243,0.3096146235
2021-04-17,0.0206409749,0.0206409749,0.06192292470000001,0.1444868243,0.3096146235
2021-04-18,0.0206409749,0.0206409749,0.06192292470000001,0.1444868243,0.3096146235
2021-04-19,0.0206409749,0.0206409749,0.06192292470000001,0.1444868243,0.3096146235
2021-04-20,0.0206409749,0.0206409749,0.06192292470000001,0.1444868243,0.3096146235
2021-04-21,0.0206409749,0.0206409749,0.06192292470000001,0.1444868243,0.3096146235
2021-04-22,0.0206409749,0.0206409749,0.06192292470000001,0.1444868243,0.3096146235
2021-04-23,0.0206409749,0.0206409749,0.06192292470000001,0.1444868243,0.3096146235
2021-04-24,0.0206409749,0.0206409749,0.06192292470000001,0.1444868243,0.3096146235
2021-04-25,0.0206409749,0.0206409749,0.06192292470000001,0.1444868243,0.3096146235
2021-04-26,0.0206409749,0.0206409749,0.06192292470000001,0.1444868243,0.3096146235
2021-04-27,0.0206409749,0.0206409749,0.06192292470000001,0.1444868243,0.3096146235
2021-04-28,0.0206409749,0.0206409749,0.06192292470000001,0.1444868243,0.3096146235
2021-04-29,0.0206409749,0.0206409749,0.06192292470000001,0.1444868243,0.3096146235
2021-04-30,0.0206409749,0.0206409749,0.06192292470000001,0.1444868243,0.3096146235
2021-05-01,0.0240064934,0.0240064934,0.0652884432,0.1478523428,0.312980142
2021-05-02,0.0240064934,0.0240064934,0.0686539617,0.1512178613,0.3163456605
2021-05-03,0.0240064934,0.0240064934,0.0720194802,0.1545833798,0.319711179
2021-05-04,0.0240064934,0.0240064934,0.0720194802,0.1579488983,0.3230766975
2021-05-05,0.0240064934,0.0240064934,0.0720194802,0.1613144168,0.326442216
2021-05-06,0.0240064934,0.0240064934,0.0720194802,0.16467993529999997,0.3298077345
2021-05-07,0.0240064934,0.0240064934,0.0720194802,0.1680454538,0.333173253
2021-05-08,0.0240064934,0.0240064934,0.0720194802,0.1680454538,0.3365387715
2021-05-09,0.0240064934,0.0240064934,0.0720194802,0.1680454538,0.33990429
2021-05-10,0.0240064934,0.0240064934,0.0720194802,0.1680454538,0.34326980849999994
2021-05-11,0.0240064934,0.0240064934,0.0720194802,0.1680454538,0.346635327
2021-05-12,0.0240064934,0.0240064934,0.0720194802,0.1680454538,0.3500008455
2021-05-13,0.0240064934,0.0240064934,0.0720194802,0.1680454538,0.353366364
2021-05-14,0.0240064934,0.0240064934,0.0720194802,0.1680454538,0.3567318825
2021-05-15,0.0240064934,0.0240064934,0.0720194802,0.1680454538,0.360097401
2021-05-16,0.0240064934,0.0240064934,0.0720194802,0.1680454538,0.360097401
2021-05-17,0.0240064934,0.0240064934,0.0720194802,0.1680454538,0.360097401
2021-05-18,0.0240064934,0.0240064934,0.0720194802,0.1680454538,0.360097401
2021-05-19,0.0240064934,0.0240064934,0.0720194802,0.1680454538,0.360097401
2021-05-20,0.0240064934,0.0240064934,0.0720194802,0.1680454538,0.360097401
2021-05-21,0.0240064934,0.0240064934,0.0720194802,0.1680454538,0.360097401
2021-05-22,0.0240064934,0.0240064934,0.0720194802,0.1680454538,0.360097401
2021-05-23,0.0240064934,0.0240064934,0.0720194802,0.1680454538,0.360097401
2021-05-24,0.0240064934,0.0240064934,0.0720194802,0.1680454538,0.360097401
2021-05-25,0.0240064934,0.0240064934,0.0720194802,0.1680454538,0.360097401
2021-05-26,0.0240064934,0.0240064934,0.0720194802,0.1680454538,0.360097401
2021-05-27,0.0240064934,0.0240064934,0.0720194802,0.1680454538,0.360097401
2021-05-28,0.0240064934,0.0240064934,0.0720194802,0.1680454538,0.360097401
2021-05-29,0.0240064934,0.0240064934,0.0720194802,0.1680454538,0.360097401
2021-05-30,0.0240064934,0.0240064934,0.0720194802,0.1680454538,0.360097401
2021-05-31,0.0240064934,0.0240064934,0.0720194802,0.1680454538,0.360097401
2021-06-01,0.0304530784,0.0304530784,0.07846606519999999,0.17449203879999997,0.366543986
2021-06-02,0.0304530784,0.0304530784,0.0849126502,0.18093862379999998,0.372990571
2021-06-03,0.0304530784,0.0304530784,0.0913592352,0.18738520879999998,0.379437156
2021-06-04,0.0304530784,0.0304530784,0.0913592352,0.19383179379999999,0.385883741
2021-06-05,0.0304530784,0.0304530784,0.0913592352,0.2002783788,0.392330326
2021-06-06,0.0304530784,0.0304530784,0.0913592352,0.2067249638,0.398776911
2021-06-07,0.0304530784,0.0304530784,0.0913592352,0.2131715488,0.405223496
2021-06-08,0.0304530784,0.0304530784,0.0913592352,0.2131715488,0.411670081
2021-06-09,0.0304530784,0.0304530784,0.0913592352,0.2131715488,0.418116666
2021-06-10,0.0304530784,0.0304530784,0.0913592352,0.2131715488,0.42456325100000003
2021-06-11,0.0304530784,0.0304530784,0.0913592352,0.2131715488,0.431009836
2021-06-12,0.0304530784,0.0304530784,0.0913592352,0.2131715488,0.437456421
2021-06-13,0.0304530784,0.0304530784,0.0913592352,0.2131715488,0.443903006
2021-06-14,0.0304530784,0.0304530784,0.0913592352,0.2131715488,0.450349591
2021-06-15,0.0304530784,0.0304530784,0.0913592352,0.2131715488,0.456796176
2021-06-16,0.0304530784,0.0304530784,0.0913592352,0.2131715488,0.456796176
2021-06-17,0.0304530784,0.0304530784,0.0913592352,0.2131715488,0.456796176
2021-06-18,0.0304530784,0.0304530784,0.0913592352,0.2131715488,0.456796176
2021-06-19,0.0304530784,0.0304530784,0.0913592352,0.2131715488,0.456796176
2021-06-20,0.0304530784,0.0304530784,0.0913592352,0.2131715488,0.456796176
2021-06-21,0.0304530784,0.0304530784,0.0913592352,0.2131715488,0.456796176
2021-06-22,0.0304530784,0.0304530784,0.0913592352,0.2131715488,0.456796176
2021-06-23,0.0304530784,0.0304530784,0.0913592352,0.2131715488,0.456796176
2021-06-24,0.0304530784,0.0304530784,0.0913592352,0.2131715488,0.456796176
2021-06-25,0.0304530784,0.0304530784,0.0913592352,0.2131715488,0.456796176
2021-06-26,0.0304530784,0.0304530784,0.0913592352,0.2131715488,0.456796176
2021-06-27,0.0304530784,0.0304530784,0.0913592352,0.2131715488,0.456796176
2021-06-28,0.0304530784,0.0304530784,0.0913592352,0.2131715488,0.456796176
2021-06-29,0.0304530784,0.0304530784,0.0913592352,0.2131715488,0.456796176
2021-06-30,0.0304530784,0.0304530784,0.0913592352,0.2131715488,0.456796176
2021-07-01,0.0400695801,0.0400695801,0.1009757369,0.2227880505,0.4664126777
2021-07-02,0.0400695801,0.0400695801,0.1105922386,0.2324045522,0.4760291794
2021-07-03,0.0400695801,0.0400695801,0.1202087403,0.2420210539,0.4856456811
2021-07-04,0.0400695801,0.0400695801,0.1202087403,0.2516375556,0.4952621828
2021-07-05,0.0400695801,0.0400695801,0.1202087403,0.2612540573,0.5048786845
2021-07-06,0.0400695801,0.0400695801,0.1202087403,0.270870559,0.5144951862
2021-07-07,0.0400695801,0.0400695801,0.1202087403,0.2804870607,0.5241116879
2021-07-08,0.0400695801,0.0400695801,0.1202087403,0.2804870607,0.5337281896
2021-07-09,0.0400695801,0.0400695801,0.1202087403,0.2804870607,0.5433446913
2021-07-10,0.0400695801,0.0400695801,0.1202087403,0.2804870607,0.552961193
2021-07-11,0.0400695801,0.0400695801,0.1202087403,0.2804870607,0.5625776947
2021-07-12,0.0400695801,0.0400695801,0.1202087403,0.2804870607,0.5721941964
2021-07-13,0.0400695801,0.0400695801,0.1202087403,0.2804870607,0.5818106981
2021-07-14,0.0400695801,0.0400695801,0.1202087403,0.2804870607,0.5914271998
2021-07-15,0.0400695801,0.0400695801,0.1202087403,0.2804870607,0.6010437015000001
2021-07-16,0.0400695801,0.0400695801,0.1202087403,0.2804870607,0.6010437015000001
2021-07-17,0.0400695801,0.0400695801,0.1202087403,0.2804870607,0.6010437015000001
2021-07-18,0.0400695801,0.0400695801,0.1202087403,0.2804870607,0.6010437015000001
2021-07-19,0.0400695801,0.0400695801,0.1202087403,0.2804870607,0.6010437015000001
2021-07-20,0.0400695801,0.0400695801,0.1202087403,0.2804870607,0.6010437015000001
2021-07-21,0.0400695801,0.0400695801,0.1202087403,0.2804870607,0.6010437015000001
2021-07-22,0.0400695801,0.0400695801,0.1202087403,0.2804870607,0.6010437015000001
2021-07-23,0.0400695801,0.0400695801,0.1202087403,0.2804870607,0.6010437015000001
2021-07-24,0.0400695801,0.0400695801,0.1202087403,0.2804870607,0.6010437015000001
2021-07-25,0.0400695801,0.0400695801,0.1202087403,0.2804870607,0.6010437015000001
2021-07-26,0.0400695801,0.0400695801,0.1202087403,0.2804870607,0.6010437015000001
2021-07-27,0.0400695801,0.0400695801,0.1202087403,0.2804870607,0.6010437015000001
2021-07-28,0.0400695801,0.0400695801,0.1202087403,0.2804870607,0.6010437015000001
2021-07-29,0.0400695801,0.0400695801,0.1202087403,0.2804870607,0.6010437015000001
2021-07-30,0.0400695801,0.0400695801,0.1202087403,0.2804870607,0.6010437015000001
2021-07-31,0.0400695801,0.0400695801,0.1202087403,0.2804870607,0.6010437015000001
2021-08-01,0.0394630507,0.0394630507,0.1196022109,0.2798805313,0.6004371721
2021-08-02,0.0394630507,0.0394630507,0.1189956815,0.2792740019,0.5998306427
2021-08-03,0.0394630507,0.0394630507,0.1183891521,0.2786674725,0.5992241133
2021-08-04,0.0394630507,0.0394630507,0.1183891521,0.2780609431,0.5986175839
2021-08-05,0.0394630507,0.0394630507,0.1183891521,0.2774544137,0.5980110545
2021-08-06,0.0394630507,0.0394630507,0.1183891521,0.2768478843,0.5974045251
2021-08-07,0.0394630507,0.0394630507,0.1183891521,0.2762413549,0.5967979957
2021-08-08,0.0394630507,0.0394630507,0.1183891521,0.2762413549,0.5961914663
2021-08-09,0.0394630507,0.0394630507,0.1183891521,0.2762413549,0.5955849369
2021-08-10,0.0394630507,0.0394630507,0.1183891521,0.2762413549,0.5949784075
2021-08-11,0.0394630507,0.0394630507,0.1183891521,0.2762413549,0.5943718781
2021-08-12,0.0394630507,0.0394630507,0.1183891521,0.2762413549,0.5937653487
2021-08-13,0.0394630507,0.0394630507,0.1183891521,0.2762413549,0.5931588193
2021-08-14,0.0394630507,0.0394630507,0.1183891521,0.2762413549,0.5925522899
2021-08-15,0.0394630507,0.0394630507,0.1183891521,0.2762413549,0.5919457605
2021-08-16,0.0394630507,0.0394630507,0.1183891521,0.2762413549,0.5919457605
2021-08-17,0.0394630507,0.0394630507,0.1183891521,0.2762413549,0.5919457605
2021-08-18,0.0394630507,0.0394630507,0.1183891521,0.2762413549,0.5919457605
2021-08-19,0.0394630507,0.0394630507,0.1183891521,0.2762413549,0.5919457605
2021-08-20,0.0394630507,0.0394630507,0.1183891521,0.2762413549,0.5919457605
2021-08-21,0.0394630507,0.0394630507,0.1183891521,0.2762413549,0.5919457605
2021-08-22,0.0394630507,0.0394630507,0.1183891521,0.2762413549,0.5919457605
2021-08-23,0.0394630507,0.0394630507,0.1183891521,0.2762413549,0.5919457605
2021-08-24,0.0394630507,0.0394630507,0.1183891521,0.2762413549,0.5919457605
2021-08-25,0.0394630507,0.0394630507,0.1183891521,0.2762413549,0.5919457605
2021-08-26,0.0394630507,0.0394630507,0.1183891521,0.2762413549,0.5919457605
2021-08-27,0.0394630507,0.0394630507,0.1183891521,0.2762413549,0.5919457605
2021-08-28,0.0394630507,0.0394630507,0.1183891521,0.2762413549,0.5919457605
2021-08-29,0.0394630507,0.0394630507,0.1183891521,0.2762413549,0.5919457605
2021-08-30,0.0394630507,0.0394630507,0.1183891521,0.2762413549,0.5919457605
2021-08-31,0.0394630507,0.0394630507,0.1183891521,0.2762413549,0.5919457605
2021-09-01,0.0603890866,0.0603890866,0.139315188,0.29716739080000004,0.6128717964000001
2021-09-02,0.0603890866,0.0603890866,0.1602412239,0.3180934267,0.6337978323000001
2021-09-03,0.0603890866,0.0603890866,0.1811672598,0.33901946260000004,0.6547238682000001
2021-09-04,0.0603890866,0.0603890866,0.1811672598,0.3599454985,0.6756499041
2021-09-05,0.0603890866,0.0603890866,0.1811672598,0.38087153440000004,0.6965759400000001
2021-09-06,0.0603890866,0.0603890866,0.1811672598,0.4017975703,0.7175019759000001
2021-09-07,0.0603890866,0.0603890866,0.1811672598,0.42272360620000005,0.7384280118000001
2021-09-08,0.0603890866,0.0603890866,0.1811672598,0.42272360620000005,0.7593540477
2021-09-09,0.0603890866,0.0603890866,0.1811672598,0.42272360620000005,0.7802800836000001
2021-09-10,0.0603890866,0.0603890866,0.1811672598,0.42272360620000005,0.8012061195000001
2021-09-11,0.0603890866,0.0603890866,0.1811672598,0.42272360620000005,0.8221321554000001
2021-09-12,0.0603890866,0.0603890866,0.1811672598,0.42272360620000005,0.8430581913
2021-09-13,0.0603890866,0.0603890866,0.1811672598,0.42272360620000005,0.8639842272000001
2021-09-14,0.0603890866,0.0603890866,0.1811672598,0.42272360620000005,0.8849102631000001
2021-09-15,0.0603890866,0.0603890866,0.1811672598,0.42272360620000005,0.9058362990000001
2021-09-16,0.0603890866,0.0603890866,0.1811672598,0.42272360620000005,0.9058362990000001
2021-09-17,0.0603890866,0.0603890866,0.1811672598,0.42272360620000005,0.9058362990000001
2021-09-18,0.0603890866,0.0603890866,0.1811672598,0.42272360620000005,0.9058362990000001
2021-09-19,0.0603890866,0.0603890866,0.1811672598,0.42272360620000005,0.9058362990000001
2021-09-20,0.0603890866,0.0603890866,0.1811672598,0.42272360620000005,0.9058362990000001
2021-09-21,0.0603890866,0.0603890866,0.1811672598,0.42272360620000005,0.9058362990000001
2021-09-22,0.0603890866,0.0603890866,0.1811672598,0.42272360620000005,0.9058362990000001
2021-09-23,0.0603890866,0.0603890866,0.1811672598,0.42272360620000005,0.9058362990000001
2021-09-24,0.0603890866,0.0603890866,0.1811672598,0.42272360620000005,0.9058362990000001
2021-09-25,0.0603890866,0.0603890866,0.1811672598,0.42272360620000005,0.9058362990000001
2021-09-26,0.0603890866,0.0603890866,0.1811672598,0.42272360620000005,0.9058362990000001
2021-09-27,0.0603890866,0.0603890866,0.1811672598,0.42272360620000005,0.9058362990000001
2021-09-28,0.0603890866,0.0603890866,0.1811672598,0.42272360620000005,0.9058362990000001
2021-09-29,0.0603890866,0.0603890866,0.1811672598,0.42272360620000005,0.9058362990000001
2021-09-30,0.0603890866,0.0603890866,0.1811672598,0.42272360620000005,0.9058362990000001
2021-10-01,0.0222432036,0.0222432036,0.14302137680000002,0.38457772320000005,0.8676904160000001
2021-10-02,0.0222432036,0.0222432036,0.1048754938,0.3464318402,0.829544533
2021-10-03,0.0222432036,0.0222432036,0.0667296108,0.3082859572,0.79139865
2021-10-04,0.0222432036,0.0222432036,0.0667296108,0.27014007419999997,0.753252767
2021-10-05,0.0222432036,0.0222432036,0.0667296108,0.23199419120000003,0.7151068840000001
2021-10-06,0.0222432036,0.0222432036,0.0667296108,0.19384830819999999,0.676961001
2021-10-07,0.0222432036,0.0222432036,0.0667296108,0.1557024252,0.638815118
2021-10-08,0.0222432036,0.0222432036,0.0667296108,0.1557024252,0.600669235
2021-10-09,0.0222432036,0.0222432036,0.0667296108,0.1557024252,0.562523352
2021-10-10,0.0222432036,0.0222432036,0.0667296108,0.1557024252,0.5243774689999999
2021-10-11,0.0222432036,0.0222432036,0.0667296108,0.1557024252,0.486231586
2021-10-12,0.0222432036,0.0222432036,0.0667296108,0.1557024252,0.44808570300000006
2021-10-13,0.0222432036,0.0222432036,0.0667296108,0.1557024252,0.40993982
2021-10-14,0.0222432036,0.0222432036,0.0667296108,0.1557024252,0.371793937
2021-10-15,0.0222432036,0.0222432036,0.0667296108,0.1557024252,0.333648054
2021-10-16,0.0222432036,0.0222432036,0.0667296108,0.1557024252,0.333648054
2021-10-17,0.0222432036,0.0222432036,0.0667296108,0.1557024252,0.333648054
2021-10-18,0.0222432036,0.0222432036,0.0667296108,0.1557024252,0.333648054
2021-10-19,0.0222432036,0.0222432036,0.0667296108,0.1557024252,0.333648054
2021-10-20,0.0222432036,0.0222432036,0.0667296108,0.1557024252,0.333648054
2021-10-21,0.0222432036,0.0222432036,0.0667296108,0.1557024252,0.333648054
2021-10-22,0.0222432036,0.0222432036,0.0667296108,0.1557024252,0.333648054
2021-10-23,0.0222432036,0.0222432036,0.0667296108,0.1557024252,0.333648054
2021-10-24,0.0222432036,0.0222432036,0.0667296108,0.1557024252,0.333648054
2021-10-25,0.0222432036,0.0222432036,0.0667296108,0.1557024252,0.333648054
2021-10-26,0.0222432036,0.0222432036,0.0667296108,0.1557024252,0.333648054
2021-10-27,0.0222432036,0.0222432036,0.0667296108,0.1557024252,0.333648054
2021-10-28,0.0222432036,0.0222432036,0.0667296108,0.1557024252,0.333648054
2021-10-29,0.0222432036,0.0222432036,0.0667296108,0.1557024252,0.333648054
2021-10-30,0.0222432036,0.0222432036,0.0667296108,0.1557024252,0.333648054
2021-10-31,0.0222432036,0.0222432036,0.0667296108,0.1557024252,0.333648054
2021-11-01,0.0125273932,0.0125273932,0.05701380040000001,0.1459866148,0.3239322436
2021-11-02,0.0125273932,0.0125273932,0.04729799,0.1362708044,0.31421643320000003
2021-11-03,0.0125273932,0.0125273932,0.0375821796,0.126554994,0.3045006228
2021-11-04,0.0125273932,0.0125273932,0.0375821796,0.11683918360000001,0.2947848124
2021-11-05,0.0125273932,0.0125273932,0.0375821796,0.10712337320000001,0.285069002
2021-11-06,0.0125273932,0.0125273932,0.0375821796,0.0974075628,0.2753531916
2021-11-07,0.0125273932,0.0125273932,0.0375821796,0.0876917524,0.2656373812
2021-11-08,0.0125273932,0.0125273932,0.0375821796,0.0876917524,0.2559215708
2021-11-09,0.0125273932,0.0125273932,0.0375821796,0.0876917524,0.2462057604
2021-11-10,0.0125273932,0.0125273932,0.0375821796,0.0876917524,0.23648995
2021-11-11,0.0125273932,0.0125273932,0.0375821796,0.0876917524,0.2267741396
2021-11-12,0.0125273932,0.0125273932,0.0375821796,0.0876917524,0.2170583292
2021-11-13,0.0125273932,0.0125273932,0.0375821796,0.0876917524,0.2073425188
2021-11-14,0.0125273932,0.0125273932,0.0375821796,0.0876917524,0.19762670840000002
2021-11-15,0.0125273932,0.0125273932,0.0375821796,0.0876917524,0.187910898
2021-11-16,0.0125273932,0.0125273932,0.0375821796,0.0876917524,0.187910898
2021-11-17,0.0125273932,0.0125273932,0.0375821796,0.0876917524,0.187910898
2021-11-18,0.0125273932,0.0125273932,0.0375821796,0.0876917524,0.187910898
2021-11-19,0.0125273932,0.0125273932,0.0375821796,0.0876917524,0.187910898
2021-11-20,0.0125273932,0.0125273932,0.0375821796,0.0876917524,0.187910898
2021-11-21,0.0125273932,0.0125273932,0.0375821796,0.0876917524,0.187910898
2021-11-22,0.0125273932,0.0125273932,0.0375821796,0.0876917524,0.187910898
2021-11-23,0.0125273932,0.0125273932,0.0375821796,0.0876917524,0.187910898
2021-11-24,0.0125273932,0.0125273932,0.0375821796,0.0876917524,0.187910898
2021-11-25,0.0125273932,0.0125273932,0.0375821796,0.0876917524,0.187910898
2021-11-26,0.0125273932,0.0125273932,0.0375821796,0.0876917524,0.187910898
2021-11-27,0.0125273932,0.0125273932,0.0375821796,0.0876917524,0.187910898
2021-11-28,0.0125273932,0.0125273932,0.0375821796,0.0876917524,0.187910898
2021-11-29,0.0125273932,0.0125273932,0.0375821796,0.0876917524,0.187910898
2021-11-30,0.0125273932,0.0125273932,0.0375821796,0.0876917524,0.187910898
2021-12-01,0.0129721249,0.0129721249,0.0380269113,0.0881364841,0.1883556297
2021-12-02,0.0129721249,0.0129721249,0.038471643,0.0885812158,0.1888003614
2021-12-03,0.0129721249,0.0129721249,0.0389163747,0.0890259475,0.1892450931
2021-12-04,0.0129721249,0.0129721249,0.0389163747,0.0894706792,0.18968982480000002
2021-12-05,0.0129721249,0.0129721249,0.0389163747,0.08991541089999999,0.1901345565
2021-12-06,0.0129721249,0.0129721249,0.0389163747,0.0903601426,0.1905792882
2021-12-07,0.0129721249,0.0129721249,0.0389163747,0.0908048743,0.1910240199
2021-12-08,0.0129721249,0.0129721249,0.0389163747,0.0908048743,0.19146875160000001
2021-12-09,0.0129721249,0.0129721249,0.0389163747,0.0908048743,0.1919134833
2021-12-10,0.0129721249,0.0129721249,0.0389163747,0.0908048743,0.192358215
2021-12-11,0.0129721249,0.0129721249,0.0389163747,0.0908048743,0.1928029467
2021-12-12,0.0129721249,0.0129721249,0.0389163747,0.0908048743,0.1932476784
2021-12-13,0.0129721249,0.0129721249,0.0389163747,0.0908048743,0.1936924101
2021-12-14,0.0129721249,0.0129721249,0.0389163747,0.0908048743,0.1941371418
2021-12-15,0.0129721249,0.0129721249,0.0389163747,0.0908048743,0.1945818735
2021-12-16,0.0129721249,0.0129721249,0.0389163747,0.0908048743,0.1945818735
2021-12-17,0.0129721249,0.0129721249,0.0389163747,0.0908048743,0.1945818735
2021-12-18,0.0129721249,0.0129721249,0.0389163747,0.0908048743,0.1945818735
2021-12-19,0.0129721249,0.0129721249,0.0389163747,0.0908048743,0.1945818735
2021-12-20,0.0129721249,0.0129721249,0.0389163747,0.0908048743,0.1945818735
2021-12-21,0.0129721249,0.0129721249,0.0389163747,0.0908048743,0.1945818735
2021-12-22,0.0129721249,0.0129721249,0.0389163747,0.0908048743,0.1945818735
2021-12-23,0.0129721249,0.0129721249,0.0389163747,0.0908048743,0.1945818735
2021-12-24,0.0129721249,0.0129721249,0.0389163747,0.0908048743,0.1945818735
2021-12-25,0.0129721249,0.0129721249,0.0389163747,0.0908048743,0.1945818735
2021-12-26,0.0129721249,0.0129721249,0.0389163747,0.0908048743,0.1945818735
2021-12-27,0.0129721249,0.0129721249,0.0389163747,0.0908048743,0.1945818735
2021-12-28,0.0129721249,0.0129721249,0.0389163747,0.0908048743,0.1945818735
2021-12-29,0.0129721249,0.0129721249,0.0389163747,0.0908048743,0.1945818735
2021-12-30,0.0129721249,0.0129721249,0.0389163747,0.0908048743,0.1945818735
2021-12-31,0.0129721249,0.0129721249,0.0389163747,0.0908048743,0.1945818735
2022-01-01,0.0125433691,0.0125433691,0.0384876189,0.0903761185,0.1941531177
2022-01-02,0.0125433691,0.0125433691,0.0380588631,0.08994736269999999,0.1937243619
2022-01-03,0.0125433691,0.0125433691,0.0376301073,0.0895186069,0.1932956061
2022-01-04,0.0125433691,0.0125433691,0.0376301073,0.08908985109999999,0.1928668503
2022-01-05,0.0125433691,0.0125433691,0.0376301073,0.0886610953,0.1924380945
2022-01-06,0.0125433691,0.0125433691,0.0376301073,0.08823233949999999,0.1920093387
2022-01-07,0.0125433691,0.0125433691,0.0376301073,0.08780358369999999,0.1915805829
2022-01-08,0.0125433691,0.0125433691,0.0376301073,0.08780358369999999,0.1911518271
2022-01-09,0.0125433691,0.0125433691,0.0376301073,0.08780358369999999,0.1907230713
2022-01-10,0.0125433691,0.0125433691,0.0376301073,0.08780358369999999,0.1902943155
2022-01-11,0.0125433691,0.0125433691,0.0376301073,0.08780358369999999,0.1898655597
2022-01-12,0.0125433691,0.0125433691,0.0376301073,0.08780358369999999,0.1894368039
2022-01-13,0.0125433691,0.0125433691,0.0376301073,0.08780358369999999,0.1890080481
2022-01-14,0.0125433691,0.0125433691,0.0376301073,0.08780358369999999,0.1885792923
2022-01-15,0.0125433691,0.0125433691,0.0376301073,0.08780358369999999,0.1881505365
2022-01-16,0.0125433691,0.0125433691,0.0376301073,0.08780358369999999,0.1881505365
2022-01-17,0.0125433691,0.0125433691,0.0376301073,0.08780358369999999,0.1881505365
2022-01-18,0.0125433691,0.0125433691,0.0376301073,0.08780358369999999,0.1881505365
2022-01-19,0.0125433691,0.0125433691,0.0376301073,0.08780358369999999,0.1881505365
2022-01-20,0.0125433691,0.0125433691,0.0376301073,0.08780358369999999,0.1881505365
2022-01-21,0.0125433691,0.0125433691,0.0376301073,0.08780358369999999,0.1881505365
2022-01-22,0.0125433691,0.0125433691,0.0376301073,0.08780358369999999,0.1881505365
2022-01-23,0.0125433691,0.0125433691,0.0376301073,0.08780358369999999,0.1881505365
2022-01-24,0.0125433691,0.0125433691,0.0376301073,0.08780358369999999,0.1881505365
2022-01-25,0.0125433691,0.0125433691,0.0376301073,0.08780358369999999,0.1881505365
2022-01-26,0.0125433691,0.0125433691,0.0376301073,0.08780358369999999,0.1881505365
2022-01-27,0.0125433691,0.0125433691,0.0376301073,0.08780358369999999,0.1881505365
2022-01-28,0.0125433691,0.0125433691,0.0376301073,0.08780358369999999,0.1881505365
2022-01-29,0.0125433691,0.0125433691,0.0376301073,0.08780358369999999,0.1881505365
2022-01-30,0.0125433691,0.0125433691,0.0376301073,0.08780358369999999,0.1881505365
2022-01-31,0.0125433691,0.0125433691,0.0376301073,0.08780358369999999,0.1881505365
2022-02-01,0.00899861008,0.00899861008,0.03408534828,0.08425882468,0.18460577748
2022-02-02,0.00899861008,0.00899861008,0.03054058926,0.08071406566,0.18106101846
2022-02-03,0.00899861008,0.00899861008,0.02699583024,0.07716930663999999,0.17751625944
2022-02-04,0.00899861008,0.00899861008,0.02699583024,0.07362454762000001,0.17397150041999998
2022-02-05,0.00899861008,0.00899861008,0.02699583024,0.0700797886,0.17042674140000003
2022-02-06,0.00899861008,0.00899861008,0.02699583024,0.06653502958,0.16688198238000002
2022-02-07,0.00899861008,0.00899861008,0.02699583024,0.06299027056,0.16333722336
2022-02-08,0.00899861008,0.00899861008,0.02699583024,0.06299027056,0.15979246434
2022-02-09,0.00899861008,0.00899861008,0.02699583024,0.06299027056,0.15624770532
2022-02-10,0.00899861008,0.00899861008,0.02699583024,0.06299027056,0.1527029463
2022-02-11,0.00899861008,0.00899861008,0.02699583024,0.06299027056,0.14915818728
2022-02-12,0.00899861008,0.00899861008,0.02699583024,0.06299027056,0.14561342825999998
2022-02-13,0.00899861008,0.00899861008,0.02699583024,0.06299027056,0.14206866924
2022-02-14,0.00899861008,0.00899861008,0.02699583024,0.06299027056,0.13852391022000002
2022-02-15,0.00899861008,0.00899861008,0.02699583024,0.06299027056,0.1349791512
2022-02-16,0.00899861008,0.00899861008,0.02699583024,0.06299027056,0.1349791512
2022-02-17,0.00899861008,0.00899861008,0.02699583024,0.06299027056,0.1349791512
2022-02-18,0.00899861008,0.00899861008,0.02699583024,0.06299027056,0.1349791512
2022-02-19,0.00899861008,0.00899861008,0.02699583024,0.06299027056,0.1349791512
2022-02-20,0.00899861008,0.00899861008,0.02699583024,0.06299027056,0.1349791512
2022-02-21,0.00899861008,0.00899861008,0.02699583024,0.06299027056,0.1349791512
2022-02-22,0.00899861008,0.00899861008,0.02699583024,0.06299027056,0.1349791512
2022-02-23,0.00899861008,0.00899861008,0.02699583024,0.06299027056,0.1349791512
2022-02-24,0.00899861008,0.00899861008,0.02699583024,0.06299027056,0.1349791512
2022-02-25,0.00899861008,0.00899861008,0.02699583024,0.06299027056,0.1349791512
2022-02-26,0.00899861008,0.00899861008,0.02699583024,0.06299027056,0.1349791512
2022-02-27,0.00899861008,0.00899861008,0.02699583024,0.06299027056,0.1349791512
2022-02-28,0.00899861008,0.00899861008,0.02699583024,0.06299027056,0.1349791512
2022-03-01,0.0112278536,0.0112278536,0.02922507376,0.06521951408000001,0.13720839472
2022-03-02,0.0112278536,0.0112278536,0.031454317280000005,0.0674487576,0.13943763824
2022-03-03,0.0112278536,0.0112278536,0.0336835608,0.06967800112,0.14166688176
2022-03-04,0.0112278536,0.0112278536,0.0336835608,0.07190724464,0.14389612528
2022-03-05,0.0112278536,0.0112278536,0.0336835608,0.07413648816000001,0.14612536880000002
2022-03-06,0.0112278536,0.0112278536,0.0336835608,0.07636573168,0.14835461232000002
2022-03-07,0.0112278536,0.0112278536,0.0336835608,0.0785949752,0.15058385584
2022-03-08,0.0112278536,0.0112278536,0.0336835608,0.0785949752,0.15281309935999998
2022-03-09,0.0112278536,0.0112278536,0.0336835608,0.0785949752,0.15504234288
2022-03-10,0.0112278536,0.0112278536,0.0336835608,0.0785949752,0.1572715864
2022-03-11,0.0112278536,0.0112278536,0.0336835608,0.0785949752,0.15950082992
2022-03-12,0.0112278536,0.0112278536,0.0336835608,0.0785949752,0.16173007344
2022-03-13,0.0112278536,0.0112278536,0.0336835608,0.0785949752,0.16395931696000002
2022-03-14,0.0112278536,0.0112278536,0.0336835608,0.0785949752,0.16618856048000002
2022-03-15,0.0112278536,0.0112278536,0.0336835608,0.0785949752,0.168417804
2022-03-16,0.0112278536,0.0112278536,0.0336835608,0.0785949752,0.168417804
2022-03-17,0.0112278536,0.0112278536,0.0336835608,0.0785949752,0.168417804
2022-03-18,0.0112278536,0.0112278536,0.0336835608,0.0785949752,0.168417804
2022-03-19,0.0112278536,0.0112278536,0.0336835608,0.0785949752,0.168417804
2022-03-20,0.0112278536,0.0112278536,0.0336835608,0.0785949752,0.168417804
2022-03-21,0.0112278536,0.0112278536,0.0336835608,0.0785949752,0.168417804
2022-03-22,0.0112278536,0.0112278536,0.0336835608,0.0785949752,0.168417804
2022-03-23,0.0112278536,0.0112278536,0.0336835608,0.0785949752,0.168417804
2022-03-24,0.0112278536,0.0112278536,0.0336835608,0.0785949752,0.168417804
2022-03-25,0.0112278536,0.0112278536,0.0336835608,0.0785949752,0.168417804
2022-03-26,0.0112278536,0.0112278536,0.0336835608,0.0785949752,0.168417804
2022-03-27,0.0112278536,0.0112278536,0.0336835608,0.0785949752,0.168417804
2022-03-28,0.0112278536,0.0112278536,0.0336835608,0.0785949752,0.168417804
2022-03-29,0.0112278536,0.0112278536,0.0336835608,0.0785949752,0.168417804
2022-03-30,0.0112278536,0.0112278536,0.0336835608,0.0785949752,0.168417804
2022-03-31,0.0112278536,0.0112278536,0.0336835608,0.0785949752,0.168417804
2022-04-01,0.0120330378,0.0120330378,0.034488745,0.0794001594,0.1692229882
2022-04-02,0.0120330378,0.0120330378,0.035293929200000004,0.0802053436,0.1700281724
2022-04-03,0.0120330378,0.0120330378,0.0360991134,0.08101052780000001,0.1708333566
2022-04-04,0.0120330378,0.0120330378,0.0360991134,0.081815712,0.17163854080000002
2022-04-05,0.0120330378,0.0120330378,0.0360991134,0.08262089620000002,0.172443725
2022-04-06,0.0120330378,0.0120330378,0.0360991134,0.0834260804,0.1732489092
2022-04-07,0.0120330378,0.0120330378,0.0360991134,0.0842312646,0.17405409340000003
2022-04-08,0.0120330378,0.0120330378,0.0360991134,0.0842312646,0.17485927760000003
2022-04-09,0.0120330378,0.0120330378,0.0360991134,0.0842312646,0.1756644618
2022-04-10,0.0120330378,0.0120330378,0.0360991134,0.0842312646,0.176469646
2022-04-11,0.0120330378,0.0120330378,0.0360991134,0.0842312646,0.1772748302
2022-04-12,0.0120330378,0.0120330378,0.0360991134,0.0842312646,0.1780800144
2022-04-13,0.0120330378,0.0120330378,0.0360991134,0.0842312646,0.1788851986
2022-04-14,0.0120330378,0.0120330378,0.0360991134,0.0842312646,0.1796903828
2022-04-15,0.0120330378,0.0120330378,0.0360991134,0.0842312646,0.180495567
2022-04-16,0.0120330378,0.0120330378,0.0360991134,0.0842312646,0.180495567
2022-04-17,0.0120330378,0.0120330378,0.0360991134,0.0842312646,0.180495567
2022-04-18,0.0120330378,0.0120330378,0.0360991134,0.0842312646,0.180495567
2022-04-19,0.0120330378,0.0120330378,0.0360991134,0.0842312646,0.180495567
2022-04-20,0.0120330378,0.0120330378,0.0360991134,0.0842312646,0.180495567
2022-04-21,0.0120330378,0.0120330378,0.0360991134,0.0842312646,0.180495567
2022-04-22,0.0120330378,0.0120330378,0.0360991134,0.0842312646,0.180495567
2022-04-23,0.0120330378,0.0120330378,0.0360991134,0.0842312646,0.180495567
2022-04-24,0.0120330378,0.0120330378,0.0360991134,0.0842312646,0.180495567
2022-04-25,0.0120330378,0.0120330378,0.0360991134,0.0842312646,0.180495567
2022-04-26,0.0120330378,0.0120330378,0.0360991134,0.0842312646,0.180495567
2022-04-27,0.0120330378,0.0120330378,0.0360991134,0.0842312646,0.180495567
2022-04-28,0.0120330378,0.0120330378,0.0360991134,0.0842312646,0.180495567
2022-04-29,0.0120330378,0.0120330378,0.0360991134,0.0842312646,0.180495567
2022-04-30,0.0120330378,0.0120330378,0.0360991134,0.0842312646,0.180495567
2022-05-01,0.0428864397,0.0428864397,0.0669525153,0.1150846665,0.2113489689
2022-05-02,0.0428864397,0.0428864397,0.09780591720000001,0.1459380684,0.2422023708
2022-05-03,0.0428864397,0.0428864397,0.1286593191,0.1767914703,0.27305577270000003
2022-05-04,0.0428864397,0.0428864397,0.1286593191,0.2076448722,0.3039091746
2022-05-05,0.0428864397,0.0428864397,0.1286593191,0.23849827410000002,0.33476257649999996
2022-05-06,0.0428864397,0.0428864397,0.1286593191,0.269351676,0.36561597840000004
2022-05-07,0.0428864397,0.0428864397,0.1286593191,0.3002050779,0.3964693803
2022-05-08,0.0428864397,0.0428864397,0.1286593191,0.3002050779,0.4273227822
2022-05-09,0.0428864397,0.0428864397,0.1286593191,0.3002050779,0.45817618410000005
2022-05-10,0.0428864397,0.0428864397,0.1286593191,0.3002050779,0.489029586
2022-05-11,0.0428864397,0.0428864397,0.1286593191,0.3002050779,0.5198829879
2022-05-12,0.0428864397,0.0428864397,0.1286593191,0.3002050779,0.5507363898000001
2022-05-13,0.0428864397,0.0428864397,0.1286593191,0.3002050779,0.5815897917
2022-05-14,0.0428864397,0.0428864397,0.1286593191,0.3002050779,0.6124431936
2022-05-15,0.0428864397,0.0428864397,0.1286593191,0.3002050779,0.6432965955000001
2022-05-16,0.0428864397,0.0428864397,0.1286593191,0.3002050779,0.6432965955000001
2022-05-17,0.0428864397,0.0428864397,0.1286593191,0.3002050779,0.6432965955000001
2022-05-18,0.0428864397,0.0428864397,0.1286593191,0.3002050779,0.6432965955000001
2022-05-19,0.0428864397,0.0428864397,0.1286593191,0.3002050779,0.6432965955000001
2022-05-20,0.0428864397,0.0428864397,0.1286593191,0.3002050779,0.6432965955000001
2022-05-21,0.0428864397,0.0428864397,0.1286593191,0.3002050779,0.6432965955000001
2022-05-22,0.0428864397,0.0428864397,0.1286593191,0.3002050779,0.6432965955000001
2022-05-23,0.0428864397,0.0428864397,0.1286593191,0.3002050779,0.6432965955000001
2022-05-24,0.0428864397,0.0428864397,0.1286593191,0.3002050779,0.6432965955000001
2022-05-25,0.0428864397,0.0428864397,0.1286593191,0.3002050779,0.6432965955000001
2022-05-26,0.0428864397,0.0428864397,0.1286593191,0.3002050779,0.6432965955000001
2022-05-27,0.0428864397,0.0428864397,0.1286593191,0.3002050779,0.6432965955000001
2022-05-28,0.0428864397,0.0428864397,0.1286593191,0.3002050779,0.6432965955000001
2022-05-29,0.0428864397,0.0428864397,0.1286593191,0.3002050779,0.6432965955000001
2022-05-30,0.0428864397,0.0428864397,0.1286593191,0.3002050779,0.6432965955000001
2022-05-31,0.0428864397,0.0428864397,0.1286593191,0.3002050779,0.6432965955000001
2022-06-01,0.0268821586,0.0268821586,0.112655038,0.2842007968,0.6272923144
2022-06-02,0.0268821586,0.0268821586,0.09665075690000001,0.2681965157,0.6112880333
2022-06-03,0.0268821586,0.0268821586,0.0806464758,0.2521922346,0.5952837522000001
2022-06-04,0.0268821586,0.0268821586,0.0806464758,0.2361879535,0.5792794711
2022-06-05,0.0268821586,0.0268821586,0.0806464758,0.2201836724,0.56327519
2022-06-06,0.0268821586,0.0268821586,0.0806464758,0.2041793913,0.5472709089
2022-06-07,0.0268821586,0.0268821586,0.0806464758,0.1881751102,0.5312666278
2022-06-08,0.0268821586,0.0268821586,0.0806464758,0.1881751102,0.5152623466999999
2022-06-09,0.0268821586,0.0268821586,0.0806464758,0.1881751102,0.4992580656
2022-06-10,0.0268821586,0.0268821586,0.0806464758,0.1881751102,0.48325378450000006
2022-06-11,0.0268821586,0.0268821586,0.0806464758,0.1881751102,0.46724950340000004
2022-06-12,0.0268821586,0.0268821586,0.0806464758,0.1881751102,0.45124522229999997
2022-06-13,0.0268821586,0.0268821586,0.0806464758,0.1881751102,0.43524094120000006
2022-06-14,0.0268821586,0.0268821586,0.0806464758,0.1881751102,0.41923666010000005
2022-06-15,0.0268821586,0.0268821586,0.0806464758,0.1881751102,0.40323237900000003
2022-06-16,0.0268821586,0.0268821586,0.0806464758,0.1881751102,0.40323237900000003
2022-06-17,0.0268821586,0.0268821586,0.0806464758,0.1881751102,0.40323237900000003
2022-06-18,0.0268821586,0.0268821586,0.0806464758,0.1881751102,0.40323237900000003
2022-06-19,0.0268821586,0.0268821586,0.0806464758,0.1881751102,0.40323237900000003
2022-06-20,0.0268821586,0.0268821586,0.0806464758,0.1881751102,0.40323237900000003
2022-06-21,0.0268821586,0.0268821586,0.0806464758,0.1881751102,0.40323237900000003
2022-06-22,0.0268821586,0.0268821586,0.0806464758,0.1881751102,0.40323237900000003
2022-06-23,0.0268821586,0.0268821586,0.0806464758,0.1881751102,0.40323237900000003
2022-06-24,0.0268821586,0.0268821586,0.0806464758,0.1881751102,0.40323237900000003
2022-06-25,0.0268821586,0.0268821586,0.0806464758,0.1881751102,0.40323237900000003
2022-06-26,0.0268821586,0.0268821586,0.0806464758,0.1881751102,0.40323237900000003
2022-06-27,0.0268821586,0.0268821586,0.0806464758,0.1881751102,0.40323237900000003
2022-06-28,0.0268821586,0.0268821586,0.0806464758,0.1881751102,0.40323237900000003
2022-06-29,0.0268821586,0.0268821586,0.0806464758,0.1881751102,0.40323237900000003
2022-06-30,0.0268821586,0.0268821586,0.0806464758,0.1881751102,0.40323237900000003
2022-07-01,0.0526286513,0.0526286513,0.1063929685,0.2139216029,0.4289788717
2022-07-02,0.0526286513,0.0526286513,0.1321394612,0.2396680956,0.4547253644
2022-07-03,0.0526286513,0.0526286513,0.15788595390000001,0.26541458830000003,0.4804718571
2022-07-04,0.0526286513,0.0526286513,0.15788595390000001,0.291161081,0.5062183498
2022-07-05,0.0526286513,0.0526286513,0.15788595390000001,0.3169075737,0.5319648425
2022-07-06,0.0526286513,0.0526286513,0.15788595390000001,0.3426540664,0.5577113352
2022-07-07,0.0526286513,0.0526286513,0.15788595390000001,0.3684005591,0.5834578279
2022-07-08,0.0526286513,0.0526286513,0.15788595390000001,0.3684005591,0.6092043206000001
2022-07-09,0.0526286513,0.0526286513,0.15788595390000001,0.3684005591,0.6349508133000001
2022-07-10,0.0526286513,0.0526286513,0.15788595390000001,0.3684005591,0.660697306
2022-07-11,0.0526286513,0.0526286513,0.15788595390000001,0.3684005591,0.6864437987
2022-07-12,0.0526286513,0.0526286513,0.15788595390000001,0.3684005591,0.7121902914
2022-07-13,0.0526286513,0.0526286513,0.15788595390000001,0.3684005591,0.7379367841000001
2022-07-14,0.0526286513,0.0526286513,0.15788595390000001,0.3684005591,0.7636832768
2022-07-15,0.0526286513,0.0526286513,0.15788595390000001,0.3684005591,0.7894297695
2022-07-16,0.0526286513,0.0526286513,0.15788595390000001,0.3684005591,0.7894297695
2022-07-17,0.0526286513,0.0526286513,0.15788595390000001,0.3684005591,0.7894297695
2022-07-18,0.0526286513,0.0526286513,0.15788595390000001,0.3684005591,0.7894297695
2022-07-19,0.0526286513,0.0526286513,0.15788595390000001,0.3684005591,0.7894297695
2022-07-20,0.0526286513,0.0526286513,0.15788595390000001,0.3684005591,0.7894297695
2022-07-21,0.0526286513,0.0526286513,0.15788595390000001,0.3684005591,0.7894297695
2022-07-22,0.0526286513,0.0526286513,0.15788595390000001,0.3684005591,0.7894297695
2022-07-23,0.0526286513,0.0526286513,0.15788595390000001,0.3684005591,0.7894297695
2022-07-24,0.0526286513,0.0526286513,0.15788595390000001,0.3684005591,0.7894297695
2022-07-25,0.0526286513,0.0526286513,0.15788595390000001,0.3684005591,0.7894297695
2022-07-26,0.0526286513,0.0526286513,0.15788595390000001,0.3684005591,0.7894297695
2022-07-27,0.0526286513,0.0526286513,0.15788595390000001,0.3684005591,0.7894297695
2022-07-28,0.0526286513,0.0526286513,0.15788595390000001,0.3684005591,0.7894297695
2022-07-29,0.0526286513,0.0526286513,0.15788595390000001,0.3684005591,0.7894297695
2022-07-30,0.0526286513,0.0526286513,0.15788595390000001,0.3684005591,0.7894297695
2022-07-31,0.0526286513,0.0526286513,0.15788595390000001,0.3684005591,0.7894297695
2022-08-01,0.0475056432,0.0475056432,0.1527629458,0.36327755100000003,0.7843067614
2022-08-02,0.0475056432,0.0475056432,0.1476399377,0.35815454290000004,0.7791837533
2022-08-03,0.0475056432,0.0475056432,0.1425169296,0.35303153480000005,0.7740607452
2022-08-04,0.0475056432,0.0475056432,0.1425169296,0.34790852670000005,0.7689377371
2022-08-05,0.0475056432,0.0475056432,0.1425169296,0.3427855186,0.763814729
2022-08-06,0.0475056432,0.0475056432,0.1425169296,0.3376625105,0.7586917209
2022-08-07,0.0475056432,0.0475056432,0.1425169296,0.3325395024,0.7535687128
2022-08-08,0.0475056432,0.0475056432,0.1425169296,0.3325395024,0.7484457047
2022-08-09,0.0475056432,0.0475056432,0.1425169296,0.3325395024,0.7433226966
2022-08-10,0.0475056432,0.0475056432,0.1425169296,0.3325395024,0.7381996885000001
2022-08-11,0.0475056432,0.0475056432,0.1425169296,0.3325395024,0.7330766804
2022-08-12,0.0475056432,0.0475056432,0.1425169296,0.3325395024,0.7279536723000001
2022-08-13,0.0475056432,0.0475056432,0.1425169296,0.3325395024,0.7228306642
2022-08-14,0.0475056432,0.0475056432,0.1425169296,0.3325395024,0.7177076561000001
2022-08-15,0.0475056432,0.0475056432,0.1425169296,0.3325395024,0.712584648
2022-08-16,0.0475056432,0.0475056432,0.1425169296,0.3325395024,0.712584648
2022-08-17,0.0475056432,0.0475056432,0.1425169296,0.3325395024,0.712584648
2022-08-18,0.0475056432,0.0475056432,0.1425169296,0.3325395024,0.712584648
2022-08-19,0.0475056432,0.0475056432,0.1425169296,0.3325395024,0.712584648
2022-08-20,0.0475056432,0.0475056432,0.1425169296,0.3325395024,0.712584648
2022-08-21,0.0475056432,0.0475056432,0.1425169296,0.3325395024,0.712584648
2022-08-22,0.0475056432,0.0475056432,0.1425169296,0.3325395024,0.712584648
2022-08-23,0.0475056432,0.0475056432,0.1425169296,0.3325395024,0.712584648
2022-08-24,0.0475056432,0.0475056432,0.1425169296,0.3325395024,0.712584648
2022-08-25,0.0475056432,0.0475056432,0.1425169296,0.3325395024,0.712584648
2022-08-26,0.0475056432,0.0475056432,0.1425169296,0.3325395024,0.712584648
2022-08-27,0.0475056432,0.0475056432,0.1425169296,0.3325395024,0.712584648
2022-08-28,0.0475056432,0.0475056432,0.1425169296,0.3325395024,0.712584648
2022-08-29,0.0475056432,0.0475056432,0.1425169296,0.3325395024,0.712584648
2022-08-30,0.0475056432,0.0475056432,0.1425169296,0.3325395024,0.712584648
2022-08-31,0.0475056432,0.0475056432,0.1425169296,0.3325395024,0.712584648
2022-09-01,0.0318733305,0.0318733305,0.1268846169,0.3169071897,0.6969523353000001
2022-09-02,0.0318733305,0.0318733305,0.1112523042,0.301274877,0.6813200226
2022-09-03,0.0318733305,0.0318733305,0.0956199915,0.2856425643,0.6656877099
2022-09-04,0.0318733305,0.0318733305,0.0956199915,0.2700102516,0.6500553972
2022-09-05,0.0318733305,0.0318733305,0.0956199915,0.2543779389,0.6344230845000001
2022-09-06,0.0318733305,0.0318733305,0.0956199915,0.23874562619999998,0.6187907718
2022-09-07,0.0318733305,0.0318733305,0.0956199915,0.2231133135,0.6031584591000001
2022-09-08,0.0318733305,0.0318733305,0.0956199915,0.2231133135,0.5875261464
2022-09-09,0.0318733305,0.0318733305,0.0956199915,0.2231133135,0.5718938337
2022-09-10,0.0318733305,0.0318733305,0.0956199915,0.2231133135,0.5562615209999999
2022-09-11,0.0318733305,0.0318733305,0.0956199915,0.2231133135,0.5406292083
2022-09-12,0.0318733305,0.0318733305,0.0956199915,0.2231133135,0.5249968956
2022-09-13,0.0318733305,0.0318733305,0.0956199915,0.2231133135,0.5093645829
2022-09-14,0.0318733305,0.0318733305,0.0956199915,0.2231133135,0.4937322702
2022-09-15,0.0318733305,0.0318733305,0.0956199915,0.2231133135,0.47809995749999995
2022-09-16,0.0318733305,0.0318733305,0.0956199915,0.2231133135,0.47809995749999995
2022-09-17,0.0318733305,0.0318733305,0.0956199915,0.2231133135,0.47809995749999995
2022-09-18,0.0318733305,0.0318733305,0.0956199915,0.2231133135,0.47809995749999995
2022-09-19,0.0318733305,0.0318733305,0.0956199915,0.2231133135,0.47809995749999995
2022-09-20,0.0318733305,0.0318733305,0.0956199915,0.2231133135,0.47809995749999995
2022-09-21,0.0318733305,0.0318733305,0.0956199915,0.2231133135,0.47809995749999995
2022-09-22,0.0318733305,0.0318733305,0.0956199915,0.2231133135,0.47809995749999995
2022-09-23,0.0318733305,0.0318733305,0.0956199915,0.2231133135,0.47809995749999995
2022-09-24,0.0318733305,0.0318733305,0.0956199915,0.2231133135,0.47809995749999995
2022-09-25,0.0318733305,0.0318733305,0.0956199915,0.2231133135,0.47809995749999995
2022-09-26,0.0318733305,0.0318733305,0.0956199915,0.2231133135,0.47809995749999995
2022-09-27,0.0318733305,0.0318733305,0.0956199915,0.2231133135,0.47809995749999995
2022-09-28,0.0318733305,0.0318733305,0.0956199915,0.2231133135,0.47809995749999995
2022-09-29,0.0318733305,0.0318733305,0.0956199915,0.2231133135,0.47809995749999995
2022-09-30,0.0318733305,0.0318733305,0.0956199915,0.2231133135,0.47809995749999995
